date,entity_id,metric_name,primary_value,comparison_value,volume,defect_rate_pct,automation_minutes_saved,quality_score,priority_score
2026-01-01,ENT001,repeat_purchase,122,153,8543,6.92,29,80,36
2026-01-01,ENT002,conversion_rate,244,207,4930,4.16,204,93,41
2026-01-01,ENT003,repeat_purchase,107,78,164,7.54,226,79,46
2026-01-01,ENT004,gross_margin,185,148,7122,2.62,96,95,11
2026-01-01,ENT005,inventory_risk,171,171,1423,2.06,140,99,10
2026-01-01,ENT006,roas,118,117,4723,2.45,184,93,12
2026-01-01,ENT007,inventory_risk,83,95,5774,3.78,230,90,37
2026-01-01,ENT008,inventory_risk,212,257,4695,13.38,116,66,74
2026-01-01,ENT009,conversion_rate,197,146,2045,8.49,218,82,60
2026-01-01,ENT010,event_completeness,253,309,4073,13.38,230,63,71
2026-01-01,ENT011,conversion_rate,168,165,8445,5.02,123,90,54
2026-01-01,ENT012,inventory_risk,93,68,6142,11.31,91,68,74
2026-01-01,ENT013,conversion_rate,263,210,8453,11.85,169,72,69
2026-01-01,ENT014,roas,92,105,920,5.38,212,88,32
2026-01-01,ENT015,conversion_rate,76,64,2666,9.62,225,73,57
2026-01-01,ENT016,gross_margin,269,288,8082,6.8,135,86,56
2026-01-01,ENT017,repeat_purchase,271,336,7124,3.7,160,89,45
2026-01-01,ENT018,conversion_rate,103,94,3936,11.27,149,72,58
2026-01-01,ENT019,repeat_purchase,223,241,7041,8.79,204,79,34
2026-01-01,ENT020,repeat_purchase,268,303,8943,9.61,55,76,54
2026-01-01,ENT021,gross_margin,183,234,8649,7.46,161,78,46
2026-01-01,ENT022,repeat_purchase,277,346,5767,11.28,204,72,65
2026-01-01,ENT023,conversion_rate,221,265,1847,12.68,220,67,56
2026-01-01,ENT024,inventory_risk,216,205,8965,2.92,31,93,28
2026-01-02,ENT001,roas,232,230,3128,13.45,175,65,58
2026-01-02,ENT002,repeat_purchase,119,148,870,11,231,71,56
2026-01-02,ENT003,event_completeness,170,170,388,11.29,233,70,61
2026-01-02,ENT004,gross_margin,187,213,1281,8.27,159,81,39
2026-01-02,ENT005,gross_margin,276,204,4773,4.88,235,91,43
2026-01-02,ENT006,roas,162,172,3352,2.43,230,97,18
2026-01-02,ENT007,event_completeness,228,258,4405,13.54,237,64,62
2026-01-02,ENT008,roas,203,242,7595,7.61,228,80,37
2026-01-02,ENT009,event_completeness,233,275,7311,9.86,182,76,58
2026-01-02,ENT010,conversion_rate,245,223,2374,2.97,118,95,26
2026-01-02,ENT011,repeat_purchase,179,149,4069,8.22,29,76,56
2026-01-02,ENT012,roas,238,274,6824,8.26,172,76,49
2026-01-02,ENT013,roas,77,77,1817,10.38,112,76,43
2026-01-02,ENT014,inventory_risk,153,153,6748,3.38,187,96,15
2026-01-02,ENT015,roas,78,62,4741,3.02,124,93,34
2026-01-02,ENT016,repeat_purchase,214,238,6456,3.95,70,95,16
2026-01-02,ENT017,roas,269,237,3481,7.32,158,84,40
2026-01-02,ENT018,event_completeness,267,259,338,6.85,192,87,59
2026-01-02,ENT019,roas,255,207,217,11.52,154,66,48
2026-01-02,ENT020,roas,220,251,6870,13.8,149,61,83
2026-01-02,ENT021,conversion_rate,252,305,7002,7.46,25,81,41
2026-01-02,ENT022,repeat_purchase,275,292,4501,2.93,32,99,11
2026-01-02,ENT023,roas,235,244,8403,14.19,14,61,72
2026-01-02,ENT024,gross_margin,77,59,1339,4.31,97,91,30
2026-01-03,ENT001,inventory_risk,171,171,4433,10.47,138,69,74
2026-01-03,ENT002,inventory_risk,240,226,6723,6.56,210,82,48
2026-01-03,ENT003,inventory_risk,245,186,8877,10.39,86,70,55
2026-01-03,ENT004,repeat_purchase,202,246,2787,6.38,204,85,31
2026-01-03,ENT005,event_completeness,229,279,3019,8.89,38,78,56
2026-01-03,ENT006,conversion_rate,179,152,5226,6.1,234,86,36
2026-01-03,ENT007,repeat_purchase,140,171,5329,5.37,100,90,21
2026-01-03,ENT008,repeat_purchase,100,92,8108,11.28,222,68,70
2026-01-03,ENT009,roas,256,230,7355,14.18,212,58,91
2026-01-03,ENT010,conversion_rate,270,281,8959,2.27,214,93,17
2026-01-03,ENT011,conversion_rate,263,310,7722,10.27,45,70,65
2026-01-03,ENT012,conversion_rate,88,96,7091,9.71,50,78,65
2026-01-03,ENT013,inventory_risk,137,140,1549,4.68,40,86,24
2026-01-03,ENT014,roas,214,259,1928,8.19,178,78,50
2026-01-03,ENT015,conversion_rate,152,122,5529,3.13,172,94,14
2026-01-03,ENT016,inventory_risk,217,163,255,4.73,187,92,43
2026-01-03,ENT017,event_completeness,248,298,2742,3.6,73,92,27
2026-01-03,ENT018,repeat_purchase,90,96,5626,10.38,73,71,71
2026-01-03,ENT019,gross_margin,262,280,3416,6.87,78,81,34
2026-01-03,ENT020,inventory_risk,270,308,7771,11.79,141,71,48
2026-01-03,ENT021,roas,158,119,7584,14.07,210,61,75
2026-01-03,ENT022,roas,141,125,7682,7.74,219,79,37
2026-01-03,ENT023,repeat_purchase,248,260,3402,11.29,79,71,62
2026-01-03,ENT024,repeat_purchase,198,143,7022,6.74,19,83,48
2026-01-04,ENT001,gross_margin,140,137,1160,6.1,154,87,37
2026-01-04,ENT002,event_completeness,129,124,6454,11.56,171,66,76
2026-01-04,ENT003,gross_margin,250,300,4854,12.12,64,71,62
2026-01-04,ENT004,conversion_rate,115,90,3964,3.83,76,90,36
2026-01-04,ENT005,event_completeness,96,118,1586,7.59,96,82,50
2026-01-04,ENT006,event_completeness,199,203,2113,6.54,85,86,38
2026-01-04,ENT007,repeat_purchase,249,291,4495,10.94,183,67,55
2026-01-04,ENT008,repeat_purchase,85,77,6363,3.68,29,90,34
2026-01-04,ENT009,event_completeness,196,225,6487,13.32,32,63,72
2026-01-04,ENT010,event_completeness,227,184,5563,2.74,36,98,36
2026-01-04,ENT011,gross_margin,71,60,5319,2.23,164,99,13
2026-01-04,ENT012,repeat_purchase,121,151,5958,6.31,197,87,35
2026-01-04,ENT013,event_completeness,241,289,1925,10.99,217,68,59
2026-01-04,ENT014,inventory_risk,256,305,2757,9.63,16,73,50
2026-01-04,ENT015,roas,242,252,7669,12.37,220,66,83
2026-01-04,ENT016,roas,187,166,5220,11.14,131,67,49
2026-01-04,ENT017,conversion_rate,86,91,6989,7.15,27,85,40
2026-01-04,ENT018,conversion_rate,276,224,8223,10.06,164,72,61
2026-01-04,ENT019,roas,271,295,324,8.64,141,76,49
2026-01-04,ENT020,event_completeness,195,218,8430,3.96,216,88,30
2026-01-04,ENT021,event_completeness,76,93,2443,14.27,238,60,68
2026-01-04,ENT022,roas,230,260,2619,12.29,82,68,65
2026-01-04,ENT023,conversion_rate,153,191,5092,3.18,208,98,12
2026-01-04,ENT024,roas,222,226,3845,8.98,67,76,38
2026-01-05,ENT001,conversion_rate,180,140,2082,11.71,60,69,79
2026-01-05,ENT002,conversion_rate,223,176,4095,10.96,199,70,54
2026-01-05,ENT003,event_completeness,157,141,5454,14.04,45,66,68
2026-01-05,ENT004,event_completeness,80,63,8289,10.76,132,70,53
2026-01-05,ENT005,conversion_rate,211,177,8132,10.71,105,68,71
2026-01-05,ENT006,gross_margin,95,120,5853,13.08,181,68,71
2026-01-05,ENT007,roas,177,149,83,13.17,224,67,70
2026-01-05,ENT008,roas,176,211,4721,6.3,91,89,40
2026-01-05,ENT009,repeat_purchase,256,274,2332,2.39,106,96,19
2026-01-05,ENT010,repeat_purchase,67,82,2908,12.08,68,65,59
2026-01-05,ENT011,gross_margin,167,177,2843,4.39,208,92,36
2026-01-05,ENT012,event_completeness,221,175,4671,4.94,228,87,39
2026-01-05,ENT013,event_completeness,239,215,8372,9.8,53,72,65
2026-01-05,ENT014,inventory_risk,93,98,1005,13.78,42,61,77
2026-01-05,ENT015,roas,134,168,7111,10.42,176,74,56
2026-01-05,ENT016,repeat_purchase,91,84,3641,2.45,59,96,31
2026-01-05,ENT017,conversion_rate,146,168,2695,9.83,200,76,40
2026-01-05,ENT018,roas,78,85,7702,10.36,209,69,47
2026-01-05,ENT019,event_completeness,145,123,3614,7.88,109,83,58
2026-01-05,ENT020,gross_margin,255,316,7865,6.98,161,79,35
2026-01-05,ENT021,conversion_rate,232,292,3695,11.3,145,67,52
2026-01-05,ENT022,event_completeness,91,107,5610,6.42,133,84,51
2026-01-05,ENT023,inventory_risk,109,135,7194,5.26,24,86,28
2026-01-05,ENT024,roas,275,248,7548,13.04,113,61,55
2026-01-06,ENT001,repeat_purchase,167,159,359,2.9,205,96,38
2026-01-06,ENT002,repeat_purchase,149,173,5908,5.95,210,89,46
2026-01-06,ENT003,repeat_purchase,207,159,3282,3.95,195,93,15
2026-01-06,ENT004,repeat_purchase,89,113,3627,1.59,100,99,16
2026-01-06,ENT005,roas,104,82,5783,5.23,44,86,37
2026-01-06,ENT006,conversion_rate,222,189,3752,12.31,68,64,69
2026-01-06,ENT007,inventory_risk,246,207,1422,11.24,17,72,60
2026-01-06,ENT008,roas,231,215,7773,4.92,223,85,38
2026-01-06,ENT009,roas,258,279,3659,5.75,41,90,39
2026-01-06,ENT010,repeat_purchase,226,278,5027,2.27,168,96,11
2026-01-06,ENT011,inventory_risk,91,84,8509,14.31,58,58,77
2026-01-06,ENT012,gross_margin,111,141,6706,2.76,44,99,20
2026-01-06,ENT013,conversion_rate,252,186,1787,10.84,154,70,49
2026-01-06,ENT014,roas,245,252,8508,3.97,202,90,38
2026-01-06,ENT015,conversion_rate,94,72,2033,6.21,232,84,28
2026-01-06,ENT016,conversion_rate,162,146,6800,13.19,186,61,55
2026-01-06,ENT017,conversion_rate,198,236,5322,6.75,142,83,40
2026-01-06,ENT018,inventory_risk,94,117,5867,5.98,237,88,45
2026-01-06,ENT019,roas,233,231,1431,11.89,32,70,74
2026-01-06,ENT020,roas,121,149,7319,1.72,48,97,40
2026-01-06,ENT021,gross_margin,264,214,7848,11.64,25,69,48
2026-01-06,ENT022,conversion_rate,186,218,8422,9.21,33,75,39
2026-01-06,ENT023,repeat_purchase,116,90,5656,10.21,119,75,46
2026-01-06,ENT024,conversion_rate,107,92,421,11.21,88,74,76
2026-01-07,ENT001,conversion_rate,248,263,304,10.55,85,71,72
2026-01-07,ENT002,inventory_risk,237,301,2549,14,176,62,91
2026-01-07,ENT003,gross_margin,265,204,2091,11.9,51,67,68
2026-01-07,ENT004,event_completeness,187,232,6834,5.94,225,88,25
2026-01-07,ENT005,roas,217,189,6658,7.4,176,86,35
2026-01-07,ENT006,roas,128,111,3190,7.05,31,84,62
2026-01-07,ENT007,roas,186,141,2231,7.59,97,82,34
2026-01-07,ENT008,conversion_rate,162,160,4499,1.57,69,99,32
2026-01-07,ENT009,repeat_purchase,81,94,3631,12.01,189,71,66
2026-01-07,ENT010,event_completeness,118,116,343,13.49,23,62,88
2026-01-07,ENT011,roas,85,69,6003,6.78,106,85,57
2026-01-07,ENT012,event_completeness,214,216,8849,13.15,60,66,81
2026-01-07,ENT013,gross_margin,237,213,977,14.11,43,60,93
2026-01-07,ENT014,roas,204,198,3656,5.8,38,84,57
2026-01-07,ENT015,event_completeness,229,167,1765,11.9,184,66,70
2026-01-07,ENT016,inventory_risk,259,275,1447,3.13,99,91,24
2026-01-07,ENT017,gross_margin,65,66,5801,9.29,147,80,53
2026-01-07,ENT018,gross_margin,114,84,6750,7.87,107,84,50
2026-01-07,ENT019,conversion_rate,78,92,1990,5.23,17,85,55
2026-01-07,ENT020,roas,162,152,1350,11.33,235,69,68
2026-01-07,ENT021,event_completeness,77,80,4718,12.04,29,64,83
2026-01-07,ENT022,gross_margin,173,135,5056,3.98,180,96,36
2026-01-07,ENT023,repeat_purchase,226,194,7579,13.97,231,64,71
2026-01-07,ENT024,conversion_rate,169,166,2666,11.99,205,66,69
2026-01-08,ENT001,roas,195,158,8458,3.75,163,91,46
2026-01-08,ENT002,repeat_purchase,224,231,4739,3.8,125,93,25
2026-01-08,ENT003,conversion_rate,249,251,7866,6.19,119,89,34
2026-01-08,ENT004,repeat_purchase,260,257,1316,4.71,122,92,23
2026-01-08,ENT005,roas,186,186,7262,10.7,140,71,73
2026-01-08,ENT006,roas,276,240,4854,3.39,185,92,15
2026-01-08,ENT007,gross_margin,210,189,7380,7.87,143,83,58
2026-01-08,ENT008,gross_margin,149,115,3950,1.5,15,97,35
2026-01-08,ENT009,repeat_purchase,87,77,6561,13.04,43,68,55
2026-01-08,ENT010,conversion_rate,72,59,6270,11.2,63,73,68
2026-01-08,ENT011,conversion_rate,229,282,7997,11.86,116,72,73
2026-01-08,ENT012,conversion_rate,145,186,1194,13.76,61,64,66
2026-01-08,ENT013,gross_margin,208,245,219,9.84,212,74,68
2026-01-08,ENT014,conversion_rate,165,139,2746,9.08,65,77,49
2026-01-08,ENT015,roas,269,196,8947,3.92,111,91,16
2026-01-08,ENT016,repeat_purchase,77,92,3322,13.27,126,61,78
2026-01-08,ENT017,inventory_risk,272,321,6214,6.04,108,85,56
2026-01-08,ENT018,gross_margin,197,175,7694,4.24,189,88,37
2026-01-08,ENT019,repeat_purchase,134,166,6814,1.69,230,95,15
2026-01-08,ENT020,repeat_purchase,154,145,4582,10.21,222,72,50
2026-01-08,ENT021,inventory_risk,272,280,4192,12.48,135,70,54
2026-01-08,ENT022,gross_margin,190,182,657,3.32,119,95,15
2026-01-08,ENT023,roas,115,109,4450,2.69,154,93,39
2026-01-08,ENT024,event_completeness,102,92,1033,14.15,52,59,87
2026-01-09,ENT001,repeat_purchase,260,304,6835,6.88,48,82,34
2026-01-09,ENT002,repeat_purchase,114,119,7591,12.32,145,67,51
2026-01-09,ENT003,inventory_risk,130,148,2063,10.37,51,73,76
2026-01-09,ENT004,roas,245,228,8388,8.04,147,78,47
2026-01-09,ENT005,gross_margin,130,160,6332,11.87,86,68,64
2026-01-09,ENT006,conversion_rate,108,121,2743,10.66,17,73,75
2026-01-09,ENT007,repeat_purchase,157,181,6128,8.01,121,82,64
2026-01-09,ENT008,repeat_purchase,211,190,8487,13.24,47,61,69
2026-01-09,ENT009,conversion_rate,261,282,1149,3.94,68,92,21
2026-01-09,ENT010,inventory_risk,255,306,6771,3.12,87,92,30
2026-01-09,ENT011,gross_margin,226,262,2636,10.84,141,73,63
2026-01-09,ENT012,conversion_rate,219,269,2828,11.48,120,67,62
2026-01-09,ENT013,event_completeness,231,215,4940,4.52,71,88,35
2026-01-09,ENT014,roas,161,121,6467,6.89,170,85,57
2026-01-09,ENT015,roas,214,233,1689,13.95,147,63,78
2026-01-09,ENT016,gross_margin,228,283,3637,9.9,197,77,59
2026-01-09,ENT017,event_completeness,105,131,1953,1.87,204,95,17
2026-01-09,ENT018,roas,242,218,8274,12.55,227,66,68
2026-01-09,ENT019,inventory_risk,266,298,1819,5.32,207,86,46
2026-01-09,ENT020,gross_margin,143,117,7112,2,25,95,16
2026-01-09,ENT021,gross_margin,219,243,548,3.19,152,91,25
2026-01-09,ENT022,gross_margin,216,244,2606,10.06,136,74,46
2026-01-09,ENT023,roas,158,190,7831,4.82,194,91,26
2026-01-09,ENT024,gross_margin,249,247,2344,6.72,185,82,27
2026-01-10,ENT001,repeat_purchase,108,110,6434,8.54,89,79,41
2026-01-10,ENT002,conversion_rate,184,167,8450,1.77,150,99,38
2026-01-10,ENT003,conversion_rate,151,148,4044,12.23,239,65,64
2026-01-10,ENT004,inventory_risk,136,148,6995,3.34,32,91,47
2026-01-10,ENT005,conversion_rate,223,268,4836,10.89,221,75,54
2026-01-10,ENT006,conversion_rate,192,167,2004,2.44,212,99,16
2026-01-10,ENT007,inventory_risk,132,128,7805,7.2,53,86,38
2026-01-10,ENT008,event_completeness,205,211,4861,9.56,210,78,51
2026-01-10,ENT009,inventory_risk,212,220,5088,9.09,100,77,68
2026-01-10,ENT010,gross_margin,241,251,5879,13.2,182,66,82
2026-01-10,ENT011,roas,263,221,7055,14.28,59,64,88
2026-01-10,ENT012,inventory_risk,160,118,8307,3.46,139,97,12
2026-01-10,ENT013,roas,210,162,4957,7.88,226,80,32
2026-01-10,ENT014,gross_margin,278,264,8817,8.58,68,80,62
2026-01-10,ENT015,event_completeness,115,128,4928,11.91,30,71,77
2026-01-10,ENT016,event_completeness,85,108,4751,1.52,70,98,34
2026-01-10,ENT017,inventory_risk,194,180,8481,4.9,215,91,38
2026-01-10,ENT018,roas,200,244,1371,1.5,23,99,26
2026-01-10,ENT019,event_completeness,179,165,1908,10.42,227,73,68
2026-01-10,ENT020,roas,229,199,1264,6.6,173,81,31
2026-01-10,ENT021,repeat_purchase,198,240,8131,3.67,173,93,22
2026-01-10,ENT022,repeat_purchase,70,58,2669,4.27,117,90,48
2026-01-10,ENT023,roas,141,114,4750,13.02,31,66,86
2026-01-10,ENT024,inventory_risk,144,171,6727,7.95,78,78,51
2026-01-11,ENT001,repeat_purchase,101,105,2649,13.6,238,63,77
2026-01-11,ENT002,roas,114,112,6887,2.59,113,99,37
2026-01-11,ENT003,conversion_rate,175,186,8644,2.83,222,99,33
2026-01-11,ENT004,conversion_rate,193,201,5074,7.23,19,84,31
2026-01-11,ENT005,repeat_purchase,264,333,5970,11.01,124,70,46
2026-01-11,ENT006,conversion_rate,79,96,1096,7.55,144,80,55
2026-01-11,ENT007,repeat_purchase,82,89,6130,7.85,18,81,66
2026-01-11,ENT008,event_completeness,260,252,8811,5.47,146,91,23
2026-01-11,ENT009,roas,249,184,2620,4.08,34,88,44
2026-01-11,ENT010,inventory_risk,91,99,937,3.64,36,92,26
2026-01-11,ENT011,repeat_purchase,150,179,4939,9.97,35,77,63
2026-01-11,ENT012,repeat_purchase,176,165,5496,3.09,74,98,17
2026-01-11,ENT013,roas,104,94,1236,6.92,200,85,53
2026-01-11,ENT014,repeat_purchase,226,287,6023,13.72,217,62,81
2026-01-11,ENT015,inventory_risk,80,66,1236,9.98,239,73,60
2026-01-11,ENT016,event_completeness,152,143,2336,12.91,17,67,62
2026-01-11,ENT017,gross_margin,148,178,7808,13.48,206,60,89
2026-01-11,ENT018,inventory_risk,78,62,8860,8.05,119,78,40
2026-01-11,ENT019,event_completeness,273,238,6376,1.54,170,99,8
2026-01-11,ENT020,conversion_rate,135,130,8355,8.14,109,77,60
2026-01-11,ENT021,roas,115,95,7839,10.65,120,70,76
2026-01-11,ENT022,repeat_purchase,267,235,3765,8.3,235,81,54
2026-01-11,ENT023,roas,115,90,2307,10.22,87,73,62
2026-01-11,ENT024,event_completeness,237,237,7625,13.38,173,62,62
2026-01-12,ENT001,inventory_risk,222,209,2022,4.17,47,92,27
2026-01-12,ENT002,conversion_rate,74,84,4707,9.5,62,76,68
2026-01-12,ENT003,conversion_rate,121,108,4009,2.47,49,93,20
2026-01-12,ENT004,conversion_rate,86,92,3871,13.62,179,61,74
2026-01-12,ENT005,inventory_risk,102,77,6242,5.71,119,90,35
2026-01-12,ENT006,roas,231,266,707,6.09,155,86,38
2026-01-12,ENT007,inventory_risk,220,273,5972,2.65,152,96,15
2026-01-12,ENT008,conversion_rate,124,149,2630,6.24,14,83,25
2026-01-12,ENT009,event_completeness,88,77,6976,6.79,47,83,42
2026-01-12,ENT010,event_completeness,133,145,438,4.9,76,93,48
2026-01-12,ENT011,event_completeness,183,194,8961,1.97,63,97,10
2026-01-12,ENT012,conversion_rate,96,81,2330,14,169,59,68
2026-01-12,ENT013,event_completeness,140,153,5895,4.86,30,93,27
2026-01-12,ENT014,conversion_rate,198,224,5465,12.14,216,67,60
2026-01-12,ENT015,gross_margin,268,263,2171,10.58,168,70,67
2026-01-12,ENT016,inventory_risk,125,145,3213,7.08,138,85,38
2026-01-12,ENT017,event_completeness,276,254,2018,3.23,70,93,42
2026-01-12,ENT018,gross_margin,149,131,1323,7.41,202,85,30
2026-01-12,ENT019,gross_margin,145,113,7828,5.48,201,88,38
2026-01-12,ENT020,inventory_risk,70,76,7331,7.02,19,79,40
2026-01-12,ENT021,repeat_purchase,142,180,639,11.11,201,75,70
2026-01-12,ENT022,event_completeness,88,97,2122,8.72,33,82,62
2026-01-12,ENT023,repeat_purchase,186,210,911,8.59,155,80,61
2026-01-12,ENT024,repeat_purchase,170,206,707,8.77,57,77,66
2026-01-13,ENT001,gross_margin,82,93,4404,4.61,35,91,38
2026-01-13,ENT002,event_completeness,67,58,5942,7.45,84,81,49
2026-01-13,ENT003,inventory_risk,175,224,7271,8.7,57,81,59
2026-01-13,ENT004,roas,184,193,6860,6.65,186,84,60
2026-01-13,ENT005,conversion_rate,73,64,4387,4.73,126,91,37
2026-01-13,ENT006,conversion_rate,89,83,3756,7.38,189,81,51
2026-01-13,ENT007,event_completeness,168,128,5512,13.5,191,62,67
2026-01-13,ENT008,inventory_risk,248,308,6516,7.39,28,82,56
2026-01-13,ENT009,roas,145,168,6859,12.33,148,66,79
2026-01-13,ENT010,gross_margin,103,100,6186,11.68,103,70,70
2026-01-13,ENT011,gross_margin,280,305,7267,10.57,192,76,54
2026-01-13,ENT012,repeat_purchase,236,175,8976,4.11,39,88,49
2026-01-13,ENT013,inventory_risk,170,216,6520,8.2,37,76,47
2026-01-13,ENT014,repeat_purchase,228,271,7829,9.92,182,71,66
2026-01-13,ENT015,roas,249,179,3682,6.38,181,86,41
2026-01-13,ENT016,conversion_rate,183,137,7511,2.31,134,94,18
2026-01-13,ENT017,event_completeness,80,62,4341,5.01,215,91,18
2026-01-13,ENT018,inventory_risk,97,70,5094,4.03,17,96,14
2026-01-13,ENT019,inventory_risk,90,105,1097,13.3,84,62,59
2026-01-13,ENT020,conversion_rate,78,64,6126,6.89,148,87,28
2026-01-13,ENT021,gross_margin,77,93,7568,8.31,225,78,45
2026-01-13,ENT022,conversion_rate,156,142,5119,8.36,26,77,45
2026-01-13,ENT023,conversion_rate,86,78,3201,10.56,88,71,64
2026-01-13,ENT024,conversion_rate,71,74,1716,9.13,60,75,68
2026-01-14,ENT001,event_completeness,205,211,2956,3.54,98,97,40
2026-01-14,ENT002,roas,154,139,7936,10.65,94,69,61
2026-01-14,ENT003,conversion_rate,149,136,2117,9.32,181,78,37
2026-01-14,ENT004,inventory_risk,262,257,1908,12.71,225,63,73
2026-01-14,ENT005,roas,136,169,1374,8.05,125,77,59
2026-01-14,ENT006,gross_margin,222,209,6469,11,19,67,77
2026-01-14,ENT007,inventory_risk,249,194,5157,13.6,159,65,65
2026-01-14,ENT008,event_completeness,273,207,7222,7.69,232,79,46
2026-01-14,ENT009,event_completeness,243,211,2121,6.06,174,88,29
2026-01-14,ENT010,repeat_purchase,223,167,4373,8.95,204,81,38
2026-01-14,ENT011,repeat_purchase,197,191,8069,7.33,75,84,38
2026-01-14,ENT012,event_completeness,104,110,2149,9.55,42,74,70
2026-01-14,ENT013,gross_margin,99,92,1848,13.68,143,60,61
2026-01-14,ENT014,conversion_rate,186,214,7116,3.39,58,92,18
2026-01-14,ENT015,event_completeness,75,80,3950,6.32,16,89,40
2026-01-14,ENT016,repeat_purchase,133,122,8672,7.11,220,85,59
2026-01-14,ENT017,conversion_rate,189,198,3481,13.94,191,66,66
2026-01-14,ENT018,inventory_risk,88,67,4135,5.61,48,88,31
2026-01-14,ENT019,inventory_risk,239,241,1089,6.28,99,86,39
2026-01-14,ENT020,roas,260,268,5987,1.63,109,96,29
2026-01-14,ENT021,inventory_risk,201,225,7293,8.72,55,77,49
2026-01-14,ENT022,inventory_risk,73,72,4523,13.31,101,62,58
2026-01-14,ENT023,gross_margin,242,235,5128,8.8,20,79,44
2026-01-14,ENT024,conversion_rate,119,120,1860,6.73,110,85,49
2026-01-15,ENT001,repeat_purchase,90,70,1992,5.82,185,89,46
2026-01-15,ENT002,roas,233,235,1342,10.54,64,74,61
2026-01-15,ENT003,inventory_risk,123,107,1219,8.37,188,75,42
2026-01-15,ENT004,event_completeness,154,156,5870,9.44,84,76,64
2026-01-15,ENT005,conversion_rate,87,95,399,5.91,152,83,43
2026-01-15,ENT006,roas,181,210,7306,6.79,158,85,60
2026-01-15,ENT007,roas,193,176,7549,5.36,134,89,22
2026-01-15,ENT008,event_completeness,112,137,2647,9.16,41,80,41
2026-01-15,ENT009,gross_margin,262,296,3763,2.58,17,96,43
2026-01-15,ENT010,repeat_purchase,121,142,1264,10.91,66,72,73
2026-01-15,ENT011,event_completeness,176,185,3974,6.04,104,82,47
2026-01-15,ENT012,gross_margin,122,153,5394,4.7,135,93,29
2026-01-15,ENT013,event_completeness,99,83,1767,8.28,99,82,62
2026-01-15,ENT014,gross_margin,212,176,8471,5.14,73,86,28
2026-01-15,ENT015,repeat_purchase,68,64,3383,9.56,150,79,52
2026-01-15,ENT016,inventory_risk,260,192,2366,7.25,212,86,35
2026-01-15,ENT017,conversion_rate,214,216,8207,2.37,65,99,9
2026-01-15,ENT018,roas,129,134,2480,10.12,153,73,48
2026-01-15,ENT019,inventory_risk,137,149,7097,7.98,125,82,63
2026-01-15,ENT020,gross_margin,124,126,1469,14.4,34,60,90
2026-01-15,ENT021,conversion_rate,205,215,7470,9.08,71,75,38
2026-01-15,ENT022,inventory_risk,142,143,3253,6.89,200,86,44
2026-01-15,ENT023,roas,278,334,4869,12.24,144,70,60
2026-01-15,ENT024,event_completeness,119,140,3501,10.11,193,74,72
2026-01-16,ENT001,event_completeness,155,188,8053,6.55,76,86,32
2026-01-16,ENT002,conversion_rate,256,282,5802,1.85,23,96,7
2026-01-16,ENT003,roas,228,283,1643,13.16,127,66,76
2026-01-16,ENT004,roas,173,151,2151,3.75,62,89,17
2026-01-16,ENT005,roas,208,185,6888,4.81,74,90,45
2026-01-16,ENT006,gross_margin,211,236,6955,13.82,38,66,86
2026-01-16,ENT007,inventory_risk,212,191,8636,7.46,24,79,60
2026-01-16,ENT008,repeat_purchase,160,141,1843,4.07,70,90,33
2026-01-16,ENT009,event_completeness,133,124,7177,6.77,86,81,57
2026-01-16,ENT010,repeat_purchase,127,113,5350,9.01,117,77,65
2026-01-16,ENT011,gross_margin,81,60,7655,10.75,45,71,63
2026-01-16,ENT012,gross_margin,122,109,8809,6.23,106,87,47
2026-01-16,ENT013,conversion_rate,184,140,553,8.24,170,82,38
2026-01-16,ENT014,event_completeness,71,55,1435,4.99,56,93,39
2026-01-16,ENT015,event_completeness,172,177,4622,5.54,206,87,34
2026-01-16,ENT016,conversion_rate,262,301,4335,4.76,209,88,35
2026-01-16,ENT017,roas,247,304,2764,10.91,185,72,64
2026-01-16,ENT018,event_completeness,279,326,6392,5.76,20,90,39
2026-01-16,ENT019,roas,238,293,2807,6.21,98,89,44
2026-01-16,ENT020,event_completeness,92,74,7198,6.58,106,85,59
2026-01-16,ENT021,event_completeness,261,318,147,9.38,24,77,58
2026-01-16,ENT022,repeat_purchase,72,58,6456,1.68,96,99,8
2026-01-16,ENT023,repeat_purchase,85,91,2836,7.05,28,86,44
2026-01-16,ENT024,inventory_risk,144,173,2309,5.01,126,86,43
2026-01-17,ENT001,conversion_rate,223,230,3151,4.11,65,93,33
2026-01-17,ENT002,repeat_purchase,228,274,7511,8.52,58,76,42
2026-01-17,ENT003,conversion_rate,224,255,2683,8.23,107,80,35
2026-01-17,ENT004,roas,257,249,3149,5.76,61,84,34
2026-01-17,ENT005,conversion_rate,189,240,1740,14.47,39,62,77
2026-01-17,ENT006,event_completeness,186,205,8334,2.43,57,97,10
2026-01-17,ENT007,roas,146,172,6597,2.82,22,97,15
2026-01-17,ENT008,gross_margin,221,208,7169,13.94,76,60,60
2026-01-17,ENT009,inventory_risk,270,302,1065,13.74,160,61,81
2026-01-17,ENT010,conversion_rate,191,174,595,10.96,159,74,48
2026-01-17,ENT011,gross_margin,260,325,7257,2.76,176,97,26
2026-01-17,ENT012,inventory_risk,203,168,4717,8.02,26,78,46
2026-01-17,ENT013,conversion_rate,205,244,3634,7.05,221,79,59
2026-01-17,ENT014,roas,225,243,4534,9.03,122,76,52
2026-01-17,ENT015,repeat_purchase,173,192,3614,12.91,93,66,68
2026-01-17,ENT016,roas,105,101,5787,4.89,142,90,20
2026-01-17,ENT017,roas,220,275,382,5.44,47,88,44
2026-01-17,ENT018,roas,220,207,6525,9.98,78,70,44
2026-01-17,ENT019,repeat_purchase,192,157,892,5,12,92,37
2026-01-17,ENT020,inventory_risk,210,223,4350,7.81,114,83,35
2026-01-17,ENT021,event_completeness,167,137,6360,12.85,178,62,75
2026-01-17,ENT022,event_completeness,272,250,3671,13.52,76,67,73
2026-01-17,ENT023,event_completeness,254,188,1666,8.66,205,77,64
2026-01-17,ENT024,event_completeness,104,93,5106,6.46,237,81,30
2026-01-18,ENT001,gross_margin,173,140,7208,13.1,45,67,54
2026-01-18,ENT002,gross_margin,209,196,3811,5.76,84,87,49
2026-01-18,ENT003,inventory_risk,135,127,5863,7.39,63,79,41
2026-01-18,ENT004,repeat_purchase,185,142,5647,2.89,38,99,32
2026-01-18,ENT005,repeat_purchase,204,149,3760,8.89,27,74,41
2026-01-18,ENT006,conversion_rate,244,220,7671,11.2,216,73,74
2026-01-18,ENT007,event_completeness,100,122,1842,3.62,150,90,44
2026-01-18,ENT008,repeat_purchase,153,161,5378,11.52,103,68,81
2026-01-18,ENT009,event_completeness,70,68,3120,8.84,75,79,63
2026-01-18,ENT010,conversion_rate,104,75,8872,1.71,48,96,19
2026-01-18,ENT011,event_completeness,256,289,2074,5.63,149,89,21
2026-01-18,ENT012,repeat_purchase,88,83,5515,7.21,25,81,43
2026-01-18,ENT013,gross_margin,66,69,825,14.44,175,63,91
2026-01-18,ENT014,repeat_purchase,116,103,2848,13.59,214,61,57
2026-01-18,ENT015,inventory_risk,122,127,7461,1.62,232,99,17
2026-01-18,ENT016,conversion_rate,236,186,165,3.16,224,96,37
2026-01-18,ENT017,roas,118,94,7603,7.06,114,81,34
2026-01-18,ENT018,inventory_risk,121,94,4680,4.5,126,88,22
2026-01-18,ENT019,gross_margin,133,144,7337,11.67,146,66,53
2026-01-18,ENT020,conversion_rate,148,144,3090,12,129,68,49
2026-01-18,ENT021,event_completeness,205,189,4776,12.99,170,65,85
2026-01-18,ENT022,gross_margin,129,116,4507,9.49,25,75,40
2026-01-18,ENT023,event_completeness,137,147,6231,9.74,129,76,57
2026-01-18,ENT024,conversion_rate,181,232,3101,6.74,227,81,51
2026-01-19,ENT001,roas,151,186,6695,12.38,195,66,69
2026-01-19,ENT002,repeat_purchase,97,116,3195,11.03,73,74,67
2026-01-19,ENT003,gross_margin,256,294,6018,1.69,218,99,22
2026-01-19,ENT004,repeat_purchase,216,212,8662,11.76,236,69,62
2026-01-19,ENT005,repeat_purchase,264,198,7225,4.3,75,89,21
2026-01-19,ENT006,conversion_rate,149,161,3424,3.95,118,95,19
2026-01-19,ENT007,gross_margin,235,280,5931,12.28,31,64,78
2026-01-19,ENT008,repeat_purchase,82,83,3289,11.85,24,71,58
2026-01-19,ENT009,roas,268,276,6502,6.7,182,85,48
2026-01-19,ENT010,inventory_risk,142,152,765,8.48,158,75,68
2026-01-19,ENT011,inventory_risk,94,71,2550,7.16,128,80,30
2026-01-19,ENT012,event_completeness,200,244,7988,4.19,59,92,43
2026-01-19,ENT013,event_completeness,157,173,2014,4.4,238,92,45
2026-01-19,ENT014,conversion_rate,97,112,1523,5.25,106,88,49
2026-01-19,ENT015,roas,125,108,7650,9.84,188,72,64
2026-01-19,ENT016,conversion_rate,85,75,979,11.35,43,73,61
2026-01-19,ENT017,conversion_rate,196,167,6440,14.13,223,62,69
2026-01-19,ENT018,event_completeness,201,151,4892,13.26,23,65,87
2026-01-19,ENT019,conversion_rate,247,274,3597,10.75,151,75,42
2026-01-19,ENT020,conversion_rate,274,263,6894,3.29,52,92,31
2026-01-19,ENT021,inventory_risk,279,276,3053,6.52,151,83,48
2026-01-19,ENT022,repeat_purchase,160,158,2960,11.92,116,66,77
2026-01-19,ENT023,gross_margin,219,182,5788,6.21,219,83,30
2026-01-19,ENT024,roas,179,140,7576,14.35,82,59,66
2026-01-20,ENT001,conversion_rate,142,124,8156,10.08,67,70,74
2026-01-20,ENT002,inventory_risk,274,206,7466,6.03,53,87,26
2026-01-20,ENT003,repeat_purchase,75,57,212,11.43,166,72,79
2026-01-20,ENT004,conversion_rate,237,178,4520,13.27,43,61,63
2026-01-20,ENT005,roas,222,275,8644,7.19,48,82,39
2026-01-20,ENT006,event_completeness,150,176,5201,12.77,104,65,87
2026-01-20,ENT007,inventory_risk,119,98,5892,8.49,30,82,42
2026-01-20,ENT008,roas,189,144,1032,7.19,224,83,52
2026-01-20,ENT009,conversion_rate,154,136,6605,12.16,204,66,76
2026-01-20,ENT010,gross_margin,201,229,2607,9.72,231,76,71
2026-01-20,ENT011,event_completeness,70,85,3521,11.38,107,68,69
2026-01-20,ENT012,conversion_rate,155,194,2232,2.62,145,95,42
2026-01-20,ENT013,gross_margin,274,312,1478,6.17,219,83,25
2026-01-20,ENT014,conversion_rate,148,188,7939,12.83,83,66,75
2026-01-20,ENT015,repeat_purchase,129,94,6823,13.98,40,59,75
2026-01-20,ENT016,repeat_purchase,208,210,6130,5.48,156,91,39
2026-01-20,ENT017,roas,117,95,7894,2.27,40,98,28
2026-01-20,ENT018,conversion_rate,90,93,4504,11.48,141,67,59
2026-01-20,ENT019,repeat_purchase,130,95,115,3.05,192,95,13
2026-01-20,ENT020,roas,151,157,3628,8.06,70,84,53
2026-01-20,ENT021,conversion_rate,133,165,2157,6.45,100,81,62
2026-01-20,ENT022,gross_margin,75,77,4181,7.39,121,82,40
2026-01-20,ENT023,event_completeness,175,201,747,10.26,42,75,54
2026-01-20,ENT024,event_completeness,170,122,5281,2.07,74,99,26
2026-01-21,ENT001,event_completeness,186,236,2520,4.54,181,92,29
2026-01-21,ENT002,repeat_purchase,101,78,2819,1.72,112,96,21
2026-01-21,ENT003,gross_margin,210,233,5580,8.15,15,80,47
2026-01-21,ENT004,repeat_purchase,184,199,5616,4.58,45,91,49
2026-01-21,ENT005,conversion_rate,196,221,6752,14.3,96,63,86
2026-01-21,ENT006,conversion_rate,117,102,7000,8,119,78,54
2026-01-21,ENT007,repeat_purchase,236,264,8826,14.15,111,58,90
2026-01-21,ENT008,inventory_risk,277,258,970,6.06,234,86,49
2026-01-21,ENT009,conversion_rate,141,111,1049,7.35,147,81,38
2026-01-21,ENT010,gross_margin,235,200,7280,13.13,68,68,67
2026-01-21,ENT011,repeat_purchase,100,89,2049,12.61,136,70,59
2026-01-21,ENT012,gross_margin,268,206,7333,9.39,125,79,48
2026-01-21,ENT013,event_completeness,269,285,4644,13.23,212,64,65
2026-01-21,ENT014,gross_margin,87,70,4944,3.43,31,90,35
2026-01-21,ENT015,gross_margin,132,125,927,6.73,154,87,27
2026-01-21,ENT016,roas,140,155,6828,3.81,35,91,29
2026-01-21,ENT017,event_completeness,242,198,7357,2.34,200,99,31
2026-01-21,ENT018,roas,116,94,3089,3.6,224,95,17
2026-01-21,ENT019,roas,77,79,647,5.63,34,86,35
2026-01-21,ENT020,roas,255,204,1227,3.97,196,95,43
2026-01-21,ENT021,roas,209,188,5285,3,54,93,33
2026-01-21,ENT022,conversion_rate,67,66,6625,11.73,98,69,63
2026-01-21,ENT023,roas,166,181,2669,11.31,133,73,55
2026-01-21,ENT024,repeat_purchase,67,60,3037,10.91,75,68,46
2026-01-22,ENT001,gross_margin,162,118,791,10.39,203,72,54
2026-01-22,ENT002,inventory_risk,67,58,4435,12.31,164,65,59
2026-01-22,ENT003,gross_margin,255,227,5806,5.65,156,89,46
2026-01-22,ENT004,roas,266,226,8736,12.06,198,70,68
2026-01-22,ENT005,repeat_purchase,146,174,2516,12.61,198,68,83
2026-01-22,ENT006,conversion_rate,190,215,5051,2.2,163,96,30
2026-01-22,ENT007,event_completeness,262,262,6221,2.46,68,94,20
2026-01-22,ENT008,event_completeness,206,243,7692,7.23,96,79,46
2026-01-22,ENT009,gross_margin,269,309,7527,3.63,77,95,20
2026-01-22,ENT010,gross_margin,248,198,978,3.67,213,93,46
2026-01-22,ENT011,roas,158,183,6351,8.39,95,77,53
2026-01-22,ENT012,gross_margin,262,199,8926,8.63,130,82,66
2026-01-22,ENT013,gross_margin,261,245,1328,9.33,137,77,67
2026-01-22,ENT014,gross_margin,215,241,4375,12.37,123,69,80
2026-01-22,ENT015,conversion_rate,187,159,5983,10.01,37,70,72
2026-01-22,ENT016,gross_margin,115,147,5433,1.86,124,96,32
2026-01-22,ENT017,inventory_risk,127,146,2452,9.45,26,77,53
2026-01-22,ENT018,conversion_rate,231,259,2449,10.34,72,73,59
2026-01-22,ENT019,conversion_rate,222,209,2256,12.77,183,65,66
2026-01-22,ENT020,repeat_purchase,255,273,937,10.91,47,69,67
2026-01-22,ENT021,event_completeness,144,143,8944,2.66,105,92,21
2026-01-22,ENT022,inventory_risk,170,163,2063,5.03,162,91,25
2026-01-22,ENT023,conversion_rate,190,179,7502,2.02,172,95,13
2026-01-22,ENT024,event_completeness,263,331,975,7.15,15,79,32
2026-01-23,ENT001,roas,214,229,7281,6.49,85,85,44
2026-01-23,ENT002,event_completeness,69,55,2968,3.25,181,97,31
2026-01-23,ENT003,roas,77,91,4644,8,128,83,65
2026-01-23,ENT004,gross_margin,99,75,3975,13.37,62,65,73
2026-01-23,ENT005,event_completeness,84,100,8053,5.36,163,84,30
2026-01-23,ENT006,inventory_risk,134,107,6730,11.22,65,68,73
2026-01-23,ENT007,roas,142,166,718,1.82,209,96,26
2026-01-23,ENT008,roas,101,75,1259,12.71,139,68,53
2026-01-23,ENT009,event_completeness,201,169,1361,2.61,116,96,14
2026-01-23,ENT010,roas,85,99,7805,8.55,124,74,37
2026-01-23,ENT011,roas,269,342,110,12.52,148,66,62
2026-01-23,ENT012,inventory_risk,129,157,3798,13.74,116,62,87
2026-01-23,ENT013,gross_margin,210,204,1418,7.45,204,80,64
2026-01-23,ENT014,repeat_purchase,242,225,2461,13.23,130,66,55
2026-01-23,ENT015,event_completeness,185,185,4559,9.99,168,72,65
2026-01-23,ENT016,inventory_risk,206,239,6538,11.4,237,72,64
2026-01-23,ENT017,gross_margin,242,261,1949,8.97,39,75,43
2026-01-23,ENT018,roas,226,199,6619,3.66,229,89,47
2026-01-23,ENT019,gross_margin,105,78,4237,9.03,64,78,60
2026-01-23,ENT020,conversion_rate,90,104,6234,13.01,208,68,85
2026-01-23,ENT021,conversion_rate,272,277,2950,2.17,176,98,12
2026-01-23,ENT022,repeat_purchase,254,310,2331,9.6,28,73,69
2026-01-23,ENT023,roas,85,99,4505,4.33,124,93,30
2026-01-23,ENT024,repeat_purchase,134,101,1454,12.3,108,68,64
2026-01-24,ENT001,conversion_rate,115,100,1771,13.94,61,64,87
2026-01-24,ENT002,repeat_purchase,276,287,222,8.24,193,76,54
2026-01-24,ENT003,inventory_risk,238,228,8079,9.47,209,76,58
2026-01-24,ENT004,repeat_purchase,211,234,1499,2.39,165,99,25
2026-01-24,ENT005,event_completeness,76,80,2031,12.04,84,70,65
2026-01-24,ENT006,repeat_purchase,195,218,3806,2.13,169,96,11
2026-01-24,ENT007,repeat_purchase,90,74,6105,4.93,213,86,52
2026-01-24,ENT008,inventory_risk,143,176,8561,1.78,65,97,9
2026-01-24,ENT009,event_completeness,84,94,4703,9.15,214,80,60
2026-01-24,ENT010,event_completeness,75,85,572,6.22,230,85,47
2026-01-24,ENT011,conversion_rate,83,97,4920,3.05,62,92,39
2026-01-24,ENT012,conversion_rate,130,155,8803,2.37,99,95,24
2026-01-24,ENT013,event_completeness,127,117,8111,10.82,220,69,50
2026-01-24,ENT014,gross_margin,147,113,6580,8.85,112,76,69
2026-01-24,ENT015,repeat_purchase,72,73,8216,9.1,169,76,54
2026-01-24,ENT016,event_completeness,109,120,8041,8.44,19,80,34
2026-01-24,ENT017,repeat_purchase,249,291,7931,2.5,134,96,20
2026-01-24,ENT018,gross_margin,160,133,4021,10.75,152,75,75
2026-01-24,ENT019,conversion_rate,184,144,8114,8.21,69,78,41
2026-01-24,ENT020,gross_margin,182,198,4982,10.67,180,72,72
2026-01-24,ENT021,repeat_purchase,121,143,6112,1.52,18,99,20
2026-01-24,ENT022,roas,244,251,3659,12.04,152,64,84
2026-01-24,ENT023,gross_margin,173,206,3009,4.41,240,90,47
2026-01-24,ENT024,conversion_rate,183,231,146,12.13,170,66,51
2026-01-25,ENT001,inventory_risk,119,131,1953,5.11,197,91,40
2026-01-25,ENT002,inventory_risk,263,279,229,12.25,58,67,71
2026-01-25,ENT003,event_completeness,65,66,6485,7.64,51,78,38
2026-01-25,ENT004,event_completeness,113,136,4785,2.28,179,99,15
2026-01-25,ENT005,repeat_purchase,242,203,1026,3.39,112,90,44
2026-01-25,ENT006,gross_margin,245,294,8117,10.26,190,73,71
2026-01-25,ENT007,gross_margin,158,152,2721,7.69,46,82,60
2026-01-25,ENT008,gross_margin,135,140,5200,8.96,88,78,42
2026-01-25,ENT009,conversion_rate,118,131,6254,5.37,151,90,51
2026-01-25,ENT010,inventory_risk,169,199,7844,4.38,103,87,52
2026-01-25,ENT011,roas,163,156,8927,13.29,114,61,63
2026-01-25,ENT012,roas,150,141,7348,7.41,151,79,37
2026-01-25,ENT013,conversion_rate,79,57,8993,12.94,50,63,63
2026-01-25,ENT014,repeat_purchase,177,131,8501,5.3,181,85,42
2026-01-25,ENT015,event_completeness,276,331,3983,13.01,178,66,73
2026-01-25,ENT016,event_completeness,221,232,1154,11.27,84,71,70
2026-01-25,ENT017,event_completeness,79,77,6870,7.91,32,82,47
2026-01-25,ENT018,repeat_purchase,146,107,3149,10.07,43,71,62
2026-01-25,ENT019,event_completeness,107,109,8723,14.35,191,65,58
2026-01-25,ENT020,inventory_risk,147,146,5119,7.55,207,80,53
2026-01-25,ENT021,repeat_purchase,135,169,3785,3.94,124,90,42
2026-01-25,ENT022,event_completeness,120,109,4504,2.18,138,96,20
2026-01-25,ENT023,conversion_rate,184,224,5652,4.69,141,87,37
2026-01-25,ENT024,conversion_rate,106,98,3872,8.66,73,76,42
2026-01-26,ENT001,inventory_risk,103,123,989,7.61,158,84,34
2026-01-26,ENT002,gross_margin,89,93,332,3.47,147,95,25
2026-01-26,ENT003,repeat_purchase,229,263,1387,3.28,47,96,35
2026-01-26,ENT004,repeat_purchase,225,232,1696,13.42,63,65,81
2026-01-26,ENT005,repeat_purchase,110,81,6004,5.39,225,88,41
2026-01-26,ENT006,conversion_rate,209,186,6972,9.2,129,80,57
2026-01-26,ENT007,gross_margin,239,251,8817,9.3,185,74,44
2026-01-26,ENT008,roas,151,145,4686,7,23,79,42
2026-01-26,ENT009,gross_margin,128,160,5866,2.62,221,99,37
2026-01-26,ENT010,conversion_rate,157,126,6894,14.01,58,59,71
2026-01-26,ENT011,repeat_purchase,266,231,2504,1.77,184,98,19
2026-01-26,ENT012,repeat_purchase,128,116,2907,13,172,65,53
2026-01-26,ENT013,roas,185,183,2801,10.55,73,74,54
2026-01-26,ENT014,roas,203,223,2220,11.91,55,72,52
2026-01-26,ENT015,repeat_purchase,205,176,7878,4.66,158,89,35
2026-01-26,ENT016,repeat_purchase,130,140,6078,2.39,190,97,19
2026-01-26,ENT017,inventory_risk,150,119,5308,7.31,198,83,52
2026-01-26,ENT018,gross_margin,137,144,5805,9.34,158,72,73
2026-01-26,ENT019,conversion_rate,224,224,3126,8.77,25,78,55
2026-01-26,ENT020,gross_margin,85,98,7889,10.52,133,74,41
2026-01-26,ENT021,roas,165,191,1397,2.92,131,92,44
2026-01-26,ENT022,event_completeness,128,127,5554,12.09,98,70,81
2026-01-26,ENT023,event_completeness,117,113,8384,10.84,193,75,63
2026-01-26,ENT024,conversion_rate,83,64,3842,7.16,202,82,38
2026-01-27,ENT001,gross_margin,214,272,3191,13.31,123,63,60
2026-01-27,ENT002,roas,82,62,105,12.38,204,68,75
2026-01-27,ENT003,roas,165,127,5459,13.47,189,66,59
2026-01-27,ENT004,event_completeness,164,123,170,13.46,59,62,77
2026-01-27,ENT005,event_completeness,124,136,2324,8.28,232,81,42
2026-01-27,ENT006,roas,66,84,7748,1.78,43,99,12
2026-01-27,ENT007,roas,276,345,272,12.16,26,71,77
2026-01-27,ENT008,repeat_purchase,103,79,4920,10.94,199,68,75
2026-01-27,ENT009,gross_margin,207,195,5622,2.52,88,95,44
2026-01-27,ENT010,repeat_purchase,100,126,3984,10.29,238,74,60
2026-01-27,ENT011,inventory_risk,203,260,5015,8.31,209,77,35
2026-01-27,ENT012,inventory_risk,270,294,1188,6.54,120,83,29
2026-01-27,ENT013,conversion_rate,190,154,8343,3.62,40,90,43
2026-01-27,ENT014,roas,151,169,1808,2.28,189,99,20
2026-01-27,ENT015,gross_margin,181,212,2473,9.2,132,75,69
2026-01-27,ENT016,inventory_risk,124,105,644,6.57,152,86,52
2026-01-27,ENT017,roas,69,68,3097,12.06,12,65,53
2026-01-27,ENT018,conversion_rate,137,171,7103,6.5,128,88,41
2026-01-27,ENT019,gross_margin,75,70,8460,2,135,99,23
2026-01-27,ENT020,event_completeness,149,131,7849,3.74,86,92,40
2026-01-27,ENT021,inventory_risk,115,110,6605,8.21,188,76,35
2026-01-27,ENT022,repeat_purchase,141,134,808,12.11,205,65,56
2026-01-27,ENT023,roas,239,215,464,5.78,132,86,44
2026-01-27,ENT024,repeat_purchase,133,120,2417,3.15,88,98,14
2026-01-28,ENT001,conversion_rate,223,232,6182,4.32,101,93,37
2026-01-28,ENT002,inventory_risk,194,235,1351,7.66,31,82,62
2026-01-28,ENT003,roas,220,240,6845,6.48,72,84,25
2026-01-28,ENT004,event_completeness,244,295,1452,9.29,12,74,48
2026-01-28,ENT005,event_completeness,133,96,4332,5.55,226,89,47
2026-01-28,ENT006,repeat_purchase,279,220,2214,7.08,48,85,48
2026-01-28,ENT007,inventory_risk,271,201,8715,8.96,160,80,39
2026-01-28,ENT008,gross_margin,170,167,6032,13.04,90,66,56
2026-01-28,ENT009,roas,71,63,913,9.93,160,73,43
2026-01-28,ENT010,conversion_rate,110,135,7609,10.69,158,70,57
2026-01-28,ENT011,event_completeness,268,271,2377,10.95,182,69,58
2026-01-28,ENT012,roas,193,208,1204,4.66,239,92,40
2026-01-28,ENT013,inventory_risk,105,111,2055,8.4,215,76,37
2026-01-28,ENT014,repeat_purchase,214,165,5721,5.22,185,87,51
2026-01-28,ENT015,inventory_risk,148,170,8245,3.08,179,95,41
2026-01-28,ENT016,inventory_risk,115,146,591,12.83,71,68,62
2026-01-28,ENT017,gross_margin,145,148,2318,10.78,53,70,49
2026-01-28,ENT018,event_completeness,207,201,4386,2.76,96,95,39
2026-01-28,ENT019,inventory_risk,118,143,8407,7.85,228,81,51
2026-01-28,ENT020,event_completeness,116,87,1783,13.59,25,61,90
2026-01-28,ENT021,conversion_rate,158,134,2535,6.77,48,87,37
2026-01-28,ENT022,event_completeness,83,99,4333,1.82,232,99,23
2026-01-28,ENT023,conversion_rate,227,232,142,1.69,209,97,19
2026-01-28,ENT024,inventory_risk,115,112,4187,8.39,230,82,53
2026-01-29,ENT001,conversion_rate,169,155,892,4.99,155,86,45
2026-01-29,ENT002,event_completeness,217,169,8103,13.28,169,61,65
2026-01-29,ENT003,conversion_rate,153,188,4841,5.89,32,85,54
2026-01-29,ENT004,repeat_purchase,190,220,97,11.05,51,68,67
2026-01-29,ENT005,event_completeness,259,202,1844,6.93,129,86,29
2026-01-29,ENT006,roas,73,58,2207,8.42,86,80,37
2026-01-29,ENT007,inventory_risk,274,299,5566,8.63,98,78,54
2026-01-29,ENT008,conversion_rate,157,173,1462,8.81,137,78,66
2026-01-29,ENT009,gross_margin,136,109,7201,6.97,216,85,27
2026-01-29,ENT010,inventory_risk,140,164,1730,9.92,77,73,44
2026-01-29,ENT011,repeat_purchase,165,120,571,3.99,153,90,43
2026-01-29,ENT012,gross_margin,211,247,4203,14.27,145,59,70
2026-01-29,ENT013,inventory_risk,212,237,7204,5.37,236,90,23
2026-01-29,ENT014,inventory_risk,211,270,5727,13.82,159,65,81
2026-01-29,ENT015,repeat_purchase,106,117,3304,4.95,208,92,38
2026-01-29,ENT016,roas,67,78,6050,13.45,104,64,71
2026-01-29,ENT017,gross_margin,95,96,7283,8.32,42,78,52
2026-01-29,ENT018,repeat_purchase,244,264,6147,2.58,33,98,40
2026-01-29,ENT019,repeat_purchase,216,264,6723,4.37,72,94,16
2026-01-29,ENT020,conversion_rate,249,222,6548,4.73,192,89,18
2026-01-29,ENT021,conversion_rate,93,108,1305,1.87,203,96,24
2026-01-29,ENT022,gross_margin,148,164,5669,10.05,236,74,64
2026-01-29,ENT023,gross_margin,242,230,1137,14,46,60,86
2026-01-29,ENT024,gross_margin,154,117,7053,11.9,45,72,80
2026-01-30,ENT001,roas,145,129,7244,3.95,180,91,46
2026-01-30,ENT002,conversion_rate,209,159,8784,4.44,78,93,35
2026-01-30,ENT003,repeat_purchase,203,199,969,12.47,233,63,74
2026-01-30,ENT004,conversion_rate,208,239,1811,6.15,132,88,50
2026-01-30,ENT005,conversion_rate,244,220,4748,12.42,150,66,69
2026-01-30,ENT006,gross_margin,233,263,3957,5.4,158,88,31
2026-01-30,ENT007,gross_margin,177,212,153,10.33,87,73,72
2026-01-30,ENT008,event_completeness,137,108,4723,10.03,156,71,45
2026-01-30,ENT009,conversion_rate,227,245,6499,4.99,93,88,21
2026-01-30,ENT010,repeat_purchase,194,213,8222,5.92,81,86,25
2026-01-30,ENT011,gross_margin,82,100,7814,10.98,231,69,75
2026-01-30,ENT012,roas,263,318,4739,6.51,193,82,28
2026-01-30,ENT013,repeat_purchase,201,207,4687,4.28,25,90,46
2026-01-30,ENT014,roas,226,276,4746,11.41,53,67,59
2026-01-30,ENT015,roas,108,100,3671,10.76,182,68,68
2026-01-30,ENT016,conversion_rate,216,248,1543,3.93,238,95,46
2026-01-30,ENT017,gross_margin,118,144,6695,12.81,216,63,61
2026-01-30,ENT018,roas,201,187,5269,13.67,198,66,85
2026-01-30,ENT019,event_completeness,72,76,472,11.86,171,70,54
2026-01-30,ENT020,gross_margin,215,224,5550,10.04,203,71,58
2026-01-30,ENT021,roas,201,253,8340,12.97,62,68,60
2026-01-30,ENT022,event_completeness,153,125,5502,3.87,103,91,43
2026-01-30,ENT023,event_completeness,66,65,8319,9.37,235,76,47
2026-01-30,ENT024,gross_margin,217,167,2226,5.96,146,88,48
2026-01-31,ENT001,roas,83,90,2789,6.05,126,82,54
2026-01-31,ENT002,gross_margin,68,61,2968,11.61,185,69,65
2026-01-31,ENT003,conversion_rate,236,205,7906,4.29,214,88,32
2026-01-31,ENT004,conversion_rate,129,99,5611,11.22,44,71,45
2026-01-31,ENT005,roas,101,89,7321,12.24,95,66,77
2026-01-31,ENT006,conversion_rate,95,115,5920,13.83,95,65,86
2026-01-31,ENT007,event_completeness,141,175,4037,3.49,209,95,16
2026-01-31,ENT008,repeat_purchase,235,223,4794,5.72,20,91,22
2026-01-31,ENT009,repeat_purchase,220,255,887,5.6,142,85,43
2026-01-31,ENT010,roas,118,144,6587,12.9,84,62,86
2026-01-31,ENT011,roas,258,304,7790,6.73,124,84,44
2026-01-31,ENT012,conversion_rate,127,154,8519,7.77,115,83,58
2026-01-31,ENT013,roas,246,248,4390,5.1,16,86,46
2026-01-31,ENT014,event_completeness,186,182,7925,10.57,96,71,47
2026-01-31,ENT015,event_completeness,259,308,833,6.67,124,86,52
2026-01-31,ENT016,event_completeness,203,183,580,9.05,60,81,58
2026-01-31,ENT017,repeat_purchase,256,241,406,9.59,184,75,52
2026-01-31,ENT018,inventory_risk,82,92,5786,7.97,220,79,37
2026-01-31,ENT019,event_completeness,90,86,6788,1.86,178,95,34
2026-01-31,ENT020,repeat_purchase,169,181,2263,13.67,187,61,66
2026-01-31,ENT021,gross_margin,171,207,4539,10.82,230,69,69
2026-01-31,ENT022,inventory_risk,185,211,6752,5.63,235,91,25
2026-01-31,ENT023,roas,184,182,2027,9.74,57,77,45
2026-01-31,ENT024,conversion_rate,107,116,986,12.08,63,66,71
2026-02-01,ENT001,event_completeness,183,221,2991,6.41,229,85,43
2026-02-01,ENT002,conversion_rate,177,198,1377,3.48,65,94,30
2026-02-01,ENT003,gross_margin,170,170,4874,1.64,24,97,28
2026-02-01,ENT004,inventory_risk,268,236,3820,7.15,86,83,29
2026-02-01,ENT005,repeat_purchase,111,132,6069,12.89,59,65,70
2026-02-01,ENT006,conversion_rate,119,134,8786,13.81,238,66,54
2026-02-01,ENT007,conversion_rate,165,157,4246,6.78,142,83,43
2026-02-01,ENT008,repeat_purchase,204,200,1806,14.14,114,64,63
2026-02-01,ENT009,inventory_risk,264,306,3599,13.68,84,65,65
2026-02-01,ENT010,repeat_purchase,239,306,5318,9.33,59,74,61
2026-02-01,ENT011,repeat_purchase,128,143,4252,8.27,53,81,63
2026-02-01,ENT012,roas,277,211,5638,8.69,153,82,33
2026-02-01,ENT013,roas,142,116,592,11.08,20,68,54
2026-02-01,ENT014,repeat_purchase,69,76,4803,14.14,118,65,86
2026-02-01,ENT015,event_completeness,75,71,6351,8.1,114,81,65
2026-02-01,ENT016,conversion_rate,156,120,1061,4.83,126,90,50
2026-02-01,ENT017,roas,169,123,8336,13.3,67,63,72
2026-02-01,ENT018,repeat_purchase,164,208,5041,12.7,14,69,64
2026-02-01,ENT019,inventory_risk,79,58,436,14.18,29,61,76
2026-02-01,ENT020,gross_margin,103,100,2394,3.01,102,95,26
2026-02-01,ENT021,roas,176,211,8708,8.4,233,81,38
2026-02-01,ENT022,conversion_rate,169,132,5646,1.91,174,98,15
2026-02-01,ENT023,roas,271,276,510,14.28,219,60,70
2026-02-01,ENT024,event_completeness,113,89,7925,3.02,68,99,29
2026-02-02,ENT001,event_completeness,269,299,7699,3.39,99,97,14
2026-02-02,ENT002,gross_margin,111,98,8045,4.01,31,92,45
2026-02-02,ENT003,inventory_risk,191,197,89,2.08,227,98,37
2026-02-02,ENT004,roas,134,103,8836,4.09,159,93,37
2026-02-02,ENT005,repeat_purchase,180,139,8650,11.11,191,68,78
2026-02-02,ENT006,conversion_rate,178,206,6553,1.66,75,99,35
2026-02-02,ENT007,roas,86,66,7881,3.14,80,98,27
2026-02-02,ENT008,roas,276,257,7040,4.81,196,90,26
2026-02-02,ENT009,conversion_rate,127,102,3335,11.33,156,70,51
2026-02-02,ENT010,roas,80,94,6220,2.91,34,93,23
2026-02-02,ENT011,conversion_rate,256,292,3186,9.91,69,75,51
2026-02-02,ENT012,gross_margin,169,215,6261,3.16,151,92,22
2026-02-02,ENT013,inventory_risk,173,164,7638,2.71,128,93,19
2026-02-02,ENT014,gross_margin,122,137,4987,2.18,234,96,32
2026-02-02,ENT015,inventory_risk,201,213,7254,7.74,58,77,49
2026-02-02,ENT016,conversion_rate,255,319,3118,9.54,138,74,42
2026-02-02,ENT017,repeat_purchase,221,281,8039,2.77,45,93,20
2026-02-02,ENT018,gross_margin,127,144,2606,6.32,238,84,43
2026-02-02,ENT019,roas,120,106,3010,13.87,173,60,82
2026-02-02,ENT020,event_completeness,277,249,4958,7.7,191,78,43
2026-02-02,ENT021,repeat_purchase,231,231,6205,8.96,105,75,45
2026-02-02,ENT022,inventory_risk,84,69,643,8.52,207,76,67
2026-02-02,ENT023,inventory_risk,272,335,6408,12.42,116,66,76
2026-02-02,ENT024,event_completeness,145,117,3102,6.82,34,81,57
2026-02-03,ENT001,roas,220,169,1158,11.59,84,67,48
2026-02-03,ENT002,roas,144,135,2474,14.41,226,63,64
2026-02-03,ENT003,repeat_purchase,111,85,3995,6.4,75,83,27
2026-02-03,ENT004,gross_margin,148,151,8523,2.44,221,98,40
2026-02-03,ENT005,inventory_risk,265,249,7110,6.88,15,85,34
2026-02-03,ENT006,repeat_purchase,196,218,4368,2.96,64,96,12
2026-02-03,ENT007,gross_margin,226,165,6431,4.73,45,87,50
2026-02-03,ENT008,gross_margin,94,98,7246,2.5,82,98,13
2026-02-03,ENT009,repeat_purchase,66,69,8868,9.92,194,73,54
2026-02-03,ENT010,event_completeness,77,75,4404,4.58,97,89,34
2026-02-03,ENT011,roas,184,167,3885,9.2,51,73,56
2026-02-03,ENT012,roas,172,158,4945,14.34,238,58,74
2026-02-03,ENT013,inventory_risk,243,216,6426,2.71,35,96,36
2026-02-03,ENT014,roas,218,161,2475,10.05,160,73,68
2026-02-03,ENT015,repeat_purchase,258,219,1722,1.51,151,99,34
2026-02-03,ENT016,roas,89,66,190,5.69,82,85,25
2026-02-03,ENT017,event_completeness,181,208,6055,12.14,124,68,68
2026-02-03,ENT018,gross_margin,141,166,285,9.52,234,73,63
2026-02-03,ENT019,event_completeness,130,125,2654,8.22,206,76,57
2026-02-03,ENT020,roas,148,167,2281,8.65,70,78,54
2026-02-03,ENT021,roas,184,204,2455,5.98,169,87,48
2026-02-03,ENT022,event_completeness,176,146,1351,5.56,221,90,25
2026-02-03,ENT023,repeat_purchase,186,147,6750,9.82,111,71,64
2026-02-03,ENT024,event_completeness,170,182,4489,2.73,117,99,39
2026-02-04,ENT001,roas,183,165,5517,9.89,136,77,38
2026-02-04,ENT002,inventory_risk,175,186,2079,13.13,166,66,69
2026-02-04,ENT003,gross_margin,225,169,2506,5.66,19,91,28
2026-02-04,ENT004,repeat_purchase,142,172,1898,5.83,58,88,30
2026-02-04,ENT005,roas,164,149,4647,3.43,24,91,17
2026-02-04,ENT006,repeat_purchase,152,147,689,7.55,34,81,41
2026-02-04,ENT007,conversion_rate,99,97,2534,13.98,116,63,82
2026-02-04,ENT008,inventory_risk,216,235,324,9.23,101,77,41
2026-02-04,ENT009,roas,172,129,4439,11.05,92,71,57
2026-02-04,ENT010,gross_margin,73,61,6134,2.57,162,96,32
2026-02-04,ENT011,inventory_risk,153,122,7875,6.95,165,84,36
2026-02-04,ENT012,inventory_risk,277,233,7395,3.62,143,95,32
2026-02-04,ENT013,roas,95,80,6843,11.09,176,72,51
2026-02-04,ENT014,repeat_purchase,65,59,2417,11.31,123,68,73
2026-02-04,ENT015,inventory_risk,138,124,8003,1.58,186,99,31
2026-02-04,ENT016,repeat_purchase,161,184,5789,5.05,230,90,42
2026-02-04,ENT017,event_completeness,89,69,2238,13.76,142,62,78
2026-02-04,ENT018,conversion_rate,209,184,2112,7.27,91,83,39
2026-02-04,ENT019,roas,82,98,7584,7.79,235,79,65
2026-02-04,ENT020,inventory_risk,82,81,6758,2.98,96,94,46
2026-02-04,ENT021,gross_margin,158,161,5116,9.19,118,73,61
2026-02-04,ENT022,roas,104,108,1767,2.36,159,99,16
2026-02-04,ENT023,repeat_purchase,67,85,8636,2.41,170,98,27
2026-02-04,ENT024,inventory_risk,206,227,5526,12.28,77,70,63
2026-02-05,ENT001,repeat_purchase,142,168,560,6.4,34,83,60
2026-02-05,ENT002,repeat_purchase,156,175,8662,7.88,110,77,62
2026-02-05,ENT003,repeat_purchase,234,246,1607,7.14,108,82,59
2026-02-05,ENT004,gross_margin,216,229,8046,8.16,200,76,40
2026-02-05,ENT005,roas,158,185,6686,7.27,82,80,37
2026-02-05,ENT006,inventory_risk,79,67,5126,8.51,99,75,60
2026-02-05,ENT007,event_completeness,136,98,1061,10.57,201,75,50
2026-02-05,ENT008,inventory_risk,176,181,4247,4.27,181,95,40
2026-02-05,ENT009,inventory_risk,163,192,3281,6.6,30,82,56
2026-02-05,ENT010,roas,181,197,2064,14.32,201,61,87
2026-02-05,ENT011,conversion_rate,241,183,1069,7.19,174,85,54
2026-02-05,ENT012,roas,101,118,3707,13.63,111,59,58
2026-02-05,ENT013,repeat_purchase,171,195,3165,5.06,132,88,21
2026-02-05,ENT014,event_completeness,73,74,3269,8.79,182,75,50
2026-02-05,ENT015,conversion_rate,217,178,1978,10.37,15,77,49
2026-02-05,ENT016,event_completeness,167,185,8895,9.64,226,72,46
2026-02-05,ENT017,event_completeness,254,320,7589,9.24,221,78,68
2026-02-05,ENT018,roas,178,176,5428,13.76,179,62,59
2026-02-05,ENT019,gross_margin,216,179,1483,13.38,196,61,75
2026-02-05,ENT020,inventory_risk,73,74,6256,4.11,227,91,41
2026-02-05,ENT021,conversion_rate,109,101,6235,5.59,159,85,35
2026-02-05,ENT022,roas,220,163,7041,11.49,22,72,72
2026-02-05,ENT023,event_completeness,236,241,3554,2.38,86,99,15
2026-02-05,ENT024,event_completeness,111,123,1883,8.22,184,80,48
2026-02-06,ENT001,roas,138,127,3978,12.47,71,66,55
2026-02-06,ENT002,conversion_rate,92,109,8416,9.62,142,77,63
2026-02-06,ENT003,roas,113,90,593,8.41,223,81,53
2026-02-06,ENT004,conversion_rate,92,92,3683,6.58,90,85,47
2026-02-06,ENT005,gross_margin,153,185,3046,2.11,112,96,36
2026-02-06,ENT006,roas,278,275,2756,2.16,203,96,27
2026-02-06,ENT007,repeat_purchase,173,164,191,3.42,37,91,48
2026-02-06,ENT008,inventory_risk,209,192,3534,9.14,81,80,58
2026-02-06,ENT009,repeat_purchase,239,222,3016,4.66,14,87,45
2026-02-06,ENT010,inventory_risk,139,147,2916,8.55,16,79,38
2026-02-06,ENT011,repeat_purchase,153,138,7292,4.23,131,89,30
2026-02-06,ENT012,gross_margin,173,189,4045,12.27,212,67,64
2026-02-06,ENT013,event_completeness,109,126,820,4.14,224,93,20
2026-02-06,ENT014,inventory_risk,275,336,5721,8.58,223,80,58
2026-02-06,ENT015,roas,277,249,6355,7.56,228,79,54
2026-02-06,ENT016,roas,73,85,719,11.73,228,67,50
2026-02-06,ENT017,gross_margin,175,184,8579,3.45,83,90,17
2026-02-06,ENT018,event_completeness,159,200,889,7.47,14,82,59
2026-02-06,ENT019,repeat_purchase,183,174,5946,3.03,83,92,32
2026-02-06,ENT020,gross_margin,166,138,8710,2.66,21,99,10
2026-02-06,ENT021,inventory_risk,266,311,88,11.42,102,71,61
2026-02-06,ENT022,conversion_rate,75,76,6709,9.8,96,77,55
2026-02-06,ENT023,repeat_purchase,207,157,3066,12.14,167,70,70
2026-02-06,ENT024,repeat_purchase,226,201,383,5.6,83,86,29
2026-02-07,ENT001,inventory_risk,262,320,8933,3.72,141,93,47
2026-02-07,ENT002,inventory_risk,258,224,7604,6.55,178,81,55
2026-02-07,ENT003,conversion_rate,101,92,987,10.26,71,72,51
2026-02-07,ENT004,roas,194,202,3435,14.47,142,58,82
2026-02-07,ENT005,repeat_purchase,106,131,3612,13.96,93,64,58
2026-02-07,ENT006,conversion_rate,244,298,7647,14.09,119,59,70
2026-02-07,ENT007,roas,102,114,333,4.7,102,88,41
2026-02-07,ENT008,roas,173,171,2776,9.6,72,78,67
2026-02-07,ENT009,event_completeness,224,211,3495,3.61,109,90,23
2026-02-07,ENT010,repeat_purchase,168,136,3803,9.2,149,74,37
2026-02-07,ENT011,repeat_purchase,76,66,7999,8.62,143,75,60
2026-02-07,ENT012,roas,216,216,2967,9.69,119,76,60
2026-02-07,ENT013,event_completeness,242,227,7463,5.04,146,90,39
2026-02-07,ENT014,gross_margin,111,130,3769,7.01,190,86,61
2026-02-07,ENT015,gross_margin,158,163,1474,2.09,109,98,21
2026-02-07,ENT016,gross_margin,113,90,1462,6.83,222,81,31
2026-02-07,ENT017,repeat_purchase,271,263,2831,4.5,192,93,21
2026-02-07,ENT018,repeat_purchase,105,108,8135,9.08,82,74,67
2026-02-07,ENT019,conversion_rate,114,123,197,10.05,175,78,51
2026-02-07,ENT020,event_completeness,246,308,6445,5.53,235,85,45
2026-02-07,ENT021,roas,264,290,1023,7.15,39,82,54
2026-02-07,ENT022,gross_margin,131,110,1461,3.35,38,93,28
2026-02-07,ENT023,inventory_risk,195,154,3119,11.36,93,70,50
2026-02-07,ENT024,roas,88,83,1154,9.66,160,72,45
2026-02-08,ENT001,inventory_risk,233,254,1897,11.02,195,73,46
2026-02-08,ENT002,conversion_rate,121,127,5801,3.12,190,93,45
2026-02-08,ENT003,event_completeness,278,220,6544,3.75,103,93,15
2026-02-08,ENT004,roas,137,104,6316,9.49,145,77,59
2026-02-08,ENT005,conversion_rate,245,250,2663,7.05,61,82,51
2026-02-08,ENT006,repeat_purchase,171,166,418,8.13,132,84,61
2026-02-08,ENT007,roas,83,71,4126,3.84,19,96,20
2026-02-08,ENT008,inventory_risk,193,197,8793,7.67,27,77,52
2026-02-08,ENT009,event_completeness,212,261,6800,5.06,210,87,48
2026-02-08,ENT010,repeat_purchase,111,119,2069,4.48,58,88,22
2026-02-08,ENT011,conversion_rate,250,268,4714,8.16,145,81,55
2026-02-08,ENT012,conversion_rate,224,208,6178,6.27,19,85,49
2026-02-08,ENT013,event_completeness,100,124,6224,7.75,106,84,52
2026-02-08,ENT014,conversion_rate,151,192,2564,3.66,84,94,41
2026-02-08,ENT015,conversion_rate,181,224,5585,6.11,133,88,32
2026-02-08,ENT016,conversion_rate,145,119,6794,6.73,23,80,34
2026-02-08,ENT017,inventory_risk,148,130,8037,10.74,157,68,51
2026-02-08,ENT018,roas,236,215,4442,3.57,13,96,28
2026-02-08,ENT019,repeat_purchase,199,179,1371,5.99,123,88,42
2026-02-08,ENT020,roas,252,257,2938,9.87,85,78,50
2026-02-08,ENT021,roas,224,177,7777,2.52,120,99,17
2026-02-08,ENT022,gross_margin,259,272,3135,14.48,22,59,91
2026-02-08,ENT023,repeat_purchase,252,252,1893,8.98,57,77,40
2026-02-08,ENT024,roas,146,114,6558,2.93,172,98,43
2026-02-09,ENT001,inventory_risk,250,200,7252,3.47,13,97,28
2026-02-09,ENT002,event_completeness,280,297,4808,7.06,208,82,39
2026-02-09,ENT003,repeat_purchase,132,144,5408,9.17,140,74,46
2026-02-09,ENT004,roas,235,237,4653,11.51,168,72,50
2026-02-09,ENT005,conversion_rate,207,215,5624,13.86,111,60,69
2026-02-09,ENT006,event_completeness,92,82,8516,3.36,129,93,20
2026-02-09,ENT007,event_completeness,116,116,7521,6.52,152,84,25
2026-02-09,ENT008,repeat_purchase,236,229,3877,8.63,104,77,44
2026-02-09,ENT009,conversion_rate,134,106,8324,13.86,39,59,61
2026-02-09,ENT010,conversion_rate,83,86,6207,11.85,173,67,60
2026-02-09,ENT011,repeat_purchase,109,95,1190,6.9,132,84,41
2026-02-09,ENT012,conversion_rate,241,246,3773,5.67,155,84,25
2026-02-09,ENT013,event_completeness,124,92,297,2.53,139,93,43
2026-02-09,ENT014,event_completeness,160,149,562,14.37,190,59,90
2026-02-09,ENT015,roas,75,85,3487,9.06,153,78,43
2026-02-09,ENT016,conversion_rate,80,79,5695,13.43,187,64,74
2026-02-09,ENT017,conversion_rate,116,87,8438,10.8,100,74,68
2026-02-09,ENT018,inventory_risk,182,197,4991,5.13,177,86,32
2026-02-09,ENT019,roas,246,194,2071,4.63,91,93,19
2026-02-09,ENT020,inventory_risk,175,128,3893,3.08,213,92,19
2026-02-09,ENT021,gross_margin,103,102,3476,10.53,98,71,56
2026-02-09,ENT022,repeat_purchase,169,152,7958,3.77,47,96,27
2026-02-09,ENT023,gross_margin,270,230,8719,4.16,80,89,33
2026-02-09,ENT024,roas,256,305,3345,10.18,164,76,63
2026-02-10,ENT001,gross_margin,137,104,7010,5.44,114,90,33
2026-02-10,ENT002,roas,94,90,8659,3.3,89,98,23
2026-02-10,ENT003,repeat_purchase,65,60,5794,11.06,63,70,63
2026-02-10,ENT004,inventory_risk,213,234,1922,4.7,115,87,21
2026-02-10,ENT005,roas,111,89,2313,5.13,163,87,27
2026-02-10,ENT006,gross_margin,92,114,8100,9.12,54,74,58
2026-02-10,ENT007,event_completeness,252,224,8696,8.66,238,76,53
2026-02-10,ENT008,conversion_rate,105,93,8228,7.99,60,83,53
2026-02-10,ENT009,event_completeness,190,192,5688,12.14,60,71,51
2026-02-10,ENT010,conversion_rate,249,296,181,13.02,66,67,81
2026-02-10,ENT011,inventory_risk,219,206,3414,12.14,155,68,58
2026-02-10,ENT012,roas,153,151,5918,1.78,142,95,15
2026-02-10,ENT013,gross_margin,167,169,4030,8.84,112,76,45
2026-02-10,ENT014,event_completeness,170,141,7372,6.2,167,85,35
2026-02-10,ENT015,event_completeness,269,269,8969,3.61,77,94,34
2026-02-10,ENT016,event_completeness,99,126,7218,6.2,189,84,51
2026-02-10,ENT017,roas,107,78,8347,9.54,199,74,55
2026-02-10,ENT018,inventory_risk,271,198,437,5.22,91,86,34
2026-02-10,ENT019,roas,122,151,6053,10.05,73,77,39
2026-02-10,ENT020,event_completeness,278,297,8327,1.78,179,99,27
2026-02-10,ENT021,gross_margin,131,119,237,8.41,235,79,54
2026-02-10,ENT022,conversion_rate,270,251,5470,13.05,171,63,82
2026-02-10,ENT023,gross_margin,195,207,8394,12.34,15,69,50
2026-02-10,ENT024,repeat_purchase,116,96,7256,7.43,235,82,47
2026-02-11,ENT001,gross_margin,203,193,3253,5.53,166,87,26
2026-02-11,ENT002,conversion_rate,268,247,5777,6.06,205,87,50
2026-02-11,ENT003,conversion_rate,104,126,307,10.25,36,73,70
2026-02-11,ENT004,roas,278,286,3828,2.44,169,97,24
2026-02-11,ENT005,gross_margin,130,138,2617,6.86,197,83,46
2026-02-11,ENT006,inventory_risk,97,71,4318,11.97,136,68,69
2026-02-11,ENT007,gross_margin,169,186,8062,9.42,72,72,56
2026-02-11,ENT008,gross_margin,89,90,8596,4.51,168,92,42
2026-02-11,ENT009,repeat_purchase,205,242,7664,11.24,110,73,45
2026-02-11,ENT010,gross_margin,186,184,5862,5.94,51,84,28
2026-02-11,ENT011,conversion_rate,119,113,1758,8.42,92,79,65
2026-02-11,ENT012,event_completeness,114,145,7168,4.73,109,92,20
2026-02-11,ENT013,conversion_rate,132,133,7240,10.43,174,75,63
2026-02-11,ENT014,inventory_risk,268,322,8072,14.49,187,64,70
2026-02-11,ENT015,event_completeness,172,126,2370,11.68,97,71,75
2026-02-11,ENT016,conversion_rate,220,257,4801,6.57,15,84,42
2026-02-11,ENT017,gross_margin,105,112,5385,2.06,235,97,19
2026-02-11,ENT018,roas,240,214,1501,11.55,12,65,76
2026-02-11,ENT019,conversion_rate,173,216,1462,3.53,119,93,41
2026-02-11,ENT020,conversion_rate,228,274,8565,12.88,54,64,59
2026-02-11,ENT021,conversion_rate,157,165,3488,2.65,170,97,37
2026-02-11,ENT022,conversion_rate,165,206,5277,9.41,54,73,42
2026-02-11,ENT023,event_completeness,239,194,5789,13.18,224,63,61
2026-02-11,ENT024,conversion_rate,121,93,582,12.94,87,67,84
2026-02-12,ENT001,event_completeness,165,155,293,8.62,119,76,54
2026-02-12,ENT002,event_completeness,270,340,4656,6.79,72,83,40
2026-02-12,ENT003,inventory_risk,113,92,1620,10.76,52,75,49
2026-02-12,ENT004,conversion_rate,260,244,467,8.37,118,75,59
2026-02-12,ENT005,repeat_purchase,278,284,812,9.27,22,73,72
2026-02-12,ENT006,roas,85,86,4548,1.76,203,99,6
2026-02-12,ENT007,inventory_risk,241,299,8256,11.25,188,72,77
2026-02-12,ENT008,repeat_purchase,99,112,2883,13.23,71,65,79
2026-02-12,ENT009,roas,272,199,7414,12.8,82,68,60
2026-02-12,ENT010,roas,167,199,2755,4.82,44,87,45
2026-02-12,ENT011,event_completeness,267,339,6668,9.56,109,79,44
2026-02-12,ENT012,gross_margin,114,86,4310,1.93,14,96,33
2026-02-12,ENT013,inventory_risk,194,180,1974,7.29,76,85,45
2026-02-12,ENT014,conversion_rate,162,126,7810,12.84,22,68,71
2026-02-12,ENT015,gross_margin,105,96,1941,6.46,236,88,48
2026-02-12,ENT016,gross_margin,88,78,3036,13.29,163,62,76
2026-02-12,ENT017,conversion_rate,150,159,8324,12.73,43,68,68
2026-02-12,ENT018,roas,95,99,3299,9.07,27,74,71
2026-02-12,ENT019,conversion_rate,158,164,5430,8.62,110,80,33
2026-02-12,ENT020,event_completeness,181,181,8083,7.53,196,80,56
2026-02-12,ENT021,repeat_purchase,86,77,3045,2.99,53,97,10
2026-02-12,ENT022,conversion_rate,155,152,1378,2.17,93,96,27
2026-02-12,ENT023,conversion_rate,241,270,8003,2.62,217,94,24
2026-02-12,ENT024,conversion_rate,75,81,3524,9.23,163,76,60
2026-02-13,ENT001,event_completeness,222,224,4671,9.81,208,78,54
2026-02-13,ENT002,conversion_rate,267,203,7098,13.19,175,65,67
2026-02-13,ENT003,inventory_risk,225,207,6799,6.9,162,84,31
2026-02-13,ENT004,repeat_purchase,259,293,2004,3.39,35,91,27
2026-02-13,ENT005,inventory_risk,190,226,2326,5.86,187,86,32
2026-02-13,ENT006,event_completeness,90,96,558,10.56,144,76,70
2026-02-13,ENT007,conversion_rate,253,266,5230,6.81,38,83,32
2026-02-13,ENT008,gross_margin,100,118,139,13.4,155,61,59
2026-02-13,ENT009,conversion_rate,107,98,329,8.66,155,77,54
2026-02-13,ENT010,event_completeness,92,90,8272,14.11,17,64,79
2026-02-13,ENT011,inventory_risk,96,70,4058,6.59,198,83,36
2026-02-13,ENT012,repeat_purchase,201,249,5279,10.01,100,75,58
2026-02-13,ENT013,conversion_rate,150,165,349,2.66,84,96,21
2026-02-13,ENT014,inventory_risk,263,316,5044,4.05,186,92,42
2026-02-13,ENT015,repeat_purchase,228,262,1401,3.36,116,90,23
2026-02-13,ENT016,conversion_rate,258,209,8744,2.4,51,94,28
2026-02-13,ENT017,conversion_rate,120,151,1407,4.17,203,92,31
2026-02-13,ENT018,repeat_purchase,109,87,3172,11.99,50,67,68
2026-02-13,ENT019,inventory_risk,102,100,1643,13.13,210,68,70
2026-02-13,ENT020,conversion_rate,128,132,3667,12.1,105,71,61
2026-02-13,ENT021,gross_margin,93,112,8795,9.41,91,74,58
2026-02-13,ENT022,event_completeness,164,179,7842,3.92,63,94,39
2026-02-13,ENT023,repeat_purchase,92,81,6525,5.82,16,85,39
2026-02-13,ENT024,repeat_purchase,266,229,2832,8.08,50,76,57
2026-02-14,ENT001,roas,200,200,7319,7.47,43,79,35
2026-02-14,ENT002,conversion_rate,264,301,8217,10.24,144,73,49
2026-02-14,ENT003,conversion_rate,197,240,6217,9.23,18,76,41
2026-02-14,ENT004,roas,215,194,2995,10.65,48,72,54
2026-02-14,ENT005,repeat_purchase,201,209,5895,6.35,158,86,42
2026-02-14,ENT006,gross_margin,196,229,4187,8.71,129,79,50
2026-02-14,ENT007,event_completeness,257,249,6081,5.03,43,89,38
2026-02-14,ENT008,conversion_rate,112,138,2724,13.54,178,62,77
2026-02-14,ENT009,gross_margin,127,110,1873,6.94,110,79,57
2026-02-14,ENT010,roas,127,105,6377,2.52,227,93,10
2026-02-14,ENT011,conversion_rate,171,190,8833,6.82,183,83,46
2026-02-14,ENT012,repeat_purchase,259,210,2400,9.87,212,72,43
2026-02-14,ENT013,inventory_risk,65,59,7792,3.01,61,95,46
2026-02-14,ENT014,inventory_risk,172,155,463,7.22,110,83,60
2026-02-14,ENT015,inventory_risk,109,129,5618,8.06,102,78,57
2026-02-14,ENT016,conversion_rate,265,225,4215,5.15,64,92,40
2026-02-14,ENT017,gross_margin,162,201,6784,7.23,208,80,59
2026-02-14,ENT018,roas,182,191,693,11.76,54,69,64
2026-02-14,ENT019,gross_margin,85,88,2775,8.11,184,81,50
2026-02-14,ENT020,conversion_rate,115,101,3252,4.26,26,95,31
2026-02-14,ENT021,roas,189,225,6095,12.14,92,65,52
2026-02-14,ENT022,roas,172,167,5287,4.48,21,94,28
2026-02-14,ENT023,gross_margin,168,138,3995,12.22,157,66,61
2026-02-14,ENT024,conversion_rate,176,180,5326,11.49,76,73,52
2026-02-15,ENT001,conversion_rate,191,170,1400,3.21,202,92,14
2026-02-15,ENT002,inventory_risk,107,97,5355,12.12,122,70,66
2026-02-15,ENT003,inventory_risk,270,257,1398,5.53,239,91,25
2026-02-15,ENT004,inventory_risk,118,96,226,4.53,114,94,40
2026-02-15,ENT005,roas,270,211,3567,10.75,142,69,46
2026-02-15,ENT006,gross_margin,116,131,2742,8.79,158,79,44
2026-02-15,ENT007,gross_margin,144,150,2300,5.09,226,91,52
2026-02-15,ENT008,event_completeness,207,195,6310,12.43,185,68,56
2026-02-15,ENT009,repeat_purchase,155,158,2976,6.01,238,87,31
2026-02-15,ENT010,roas,278,214,1103,7.01,75,83,35
2026-02-15,ENT011,inventory_risk,247,237,2446,7.8,171,80,51
2026-02-15,ENT012,event_completeness,227,225,8070,11.66,21,71,54
2026-02-15,ENT013,inventory_risk,276,257,5199,5.1,160,86,39
2026-02-15,ENT014,gross_margin,191,237,5905,5.68,193,88,34
2026-02-15,ENT015,conversion_rate,232,206,3853,3.48,159,90,34
2026-02-15,ENT016,event_completeness,129,141,730,4.07,188,93,37
2026-02-15,ENT017,inventory_risk,261,329,4239,4.02,67,90,39
2026-02-15,ENT018,event_completeness,265,299,6587,3.1,67,98,43
2026-02-15,ENT019,conversion_rate,240,175,5891,13.85,82,64,68
2026-02-15,ENT020,inventory_risk,242,201,8083,3.89,29,88,38
2026-02-15,ENT021,gross_margin,226,176,372,4.69,150,88,29
2026-02-15,ENT022,event_completeness,211,158,3320,9.94,81,73,61
2026-02-15,ENT023,inventory_risk,252,310,5282,14.48,90,61,67
2026-02-15,ENT024,gross_margin,199,187,2218,11.75,171,72,72
2026-02-16,ENT001,repeat_purchase,127,105,145,1.88,178,97,34
2026-02-16,ENT002,roas,123,117,7007,10.3,82,73,50
2026-02-16,ENT003,roas,93,112,5019,12.87,137,65,62
2026-02-16,ENT004,roas,230,232,1632,1.68,22,99,34
2026-02-16,ENT005,conversion_rate,194,146,7458,9.29,177,78,51
2026-02-16,ENT006,event_completeness,256,238,3602,13.62,63,61,62
2026-02-16,ENT007,repeat_purchase,75,63,5446,9.4,209,73,52
2026-02-16,ENT008,inventory_risk,81,100,8797,12.08,46,67,53
2026-02-16,ENT009,event_completeness,69,54,5721,7.47,206,80,39
2026-02-16,ENT010,inventory_risk,173,173,7633,2.78,162,99,43
2026-02-16,ENT011,conversion_rate,137,166,4262,10.32,98,73,52
2026-02-16,ENT012,roas,97,119,1234,2.77,170,93,13
2026-02-16,ENT013,gross_margin,95,79,2458,8.9,130,81,41
2026-02-16,ENT014,roas,246,231,8677,12.01,208,64,72
2026-02-16,ENT015,repeat_purchase,274,236,5435,1.81,81,95,28
2026-02-16,ENT016,repeat_purchase,138,163,2879,10.92,239,72,61
2026-02-16,ENT017,repeat_purchase,242,281,2543,5.92,72,87,24
2026-02-16,ENT018,event_completeness,149,162,7045,9.95,177,78,48
2026-02-16,ENT019,gross_margin,109,94,1365,1.9,13,96,31
2026-02-16,ENT020,inventory_risk,232,174,3797,8.13,16,81,54
2026-02-16,ENT021,repeat_purchase,108,125,8203,9.78,187,77,49
2026-02-16,ENT022,roas,153,188,4860,3.63,188,96,34
2026-02-16,ENT023,conversion_rate,182,162,8566,8.53,237,77,62
2026-02-16,ENT024,repeat_purchase,141,176,4788,4.36,93,94,49
2026-02-17,ENT001,gross_margin,209,224,1177,11.61,208,67,60
2026-02-17,ENT002,repeat_purchase,264,304,6054,12.48,53,69,66
2026-02-17,ENT003,roas,231,217,5222,12.54,216,69,82
2026-02-17,ENT004,event_completeness,221,272,8459,8.99,70,74,48
2026-02-17,ENT005,conversion_rate,255,222,5155,8.44,126,77,50
2026-02-17,ENT006,repeat_purchase,220,271,7455,3.3,185,90,20
2026-02-17,ENT007,repeat_purchase,264,330,2549,10.64,129,74,43
2026-02-17,ENT008,gross_margin,132,121,1395,4.76,148,89,46
2026-02-17,ENT009,event_completeness,232,195,5499,3.19,193,94,33
2026-02-17,ENT010,conversion_rate,142,180,7700,7.28,232,79,37
2026-02-17,ENT011,inventory_risk,134,170,196,5.45,186,85,51
2026-02-17,ENT012,gross_margin,129,143,7668,12.83,218,65,85
2026-02-17,ENT013,conversion_rate,180,171,2765,4.65,236,92,42
2026-02-17,ENT014,repeat_purchase,99,109,7238,3.03,213,91,30
2026-02-17,ENT015,repeat_purchase,178,224,4082,5.46,174,85,51
2026-02-17,ENT016,gross_margin,203,189,8563,1.73,89,96,25
2026-02-17,ENT017,inventory_risk,197,187,3777,1.52,117,98,22
2026-02-17,ENT018,inventory_risk,108,119,8332,7.52,69,80,38
2026-02-17,ENT019,gross_margin,147,182,8561,12.06,141,66,62
2026-02-17,ENT020,roas,78,94,5020,4.38,173,94,39
2026-02-17,ENT021,repeat_purchase,225,187,3794,14.4,182,60,74
2026-02-17,ENT022,roas,137,153,6135,11.13,113,72,45
2026-02-17,ENT023,event_completeness,280,263,5336,6.55,165,84,49
2026-02-17,ENT024,repeat_purchase,74,78,8706,14.1,114,61,89
2026-02-18,ENT001,roas,260,234,4346,4.76,129,92,51
2026-02-18,ENT002,gross_margin,106,106,6531,3.62,121,92,39
2026-02-18,ENT003,event_completeness,224,215,1302,2.09,130,95,35
2026-02-18,ENT004,gross_margin,244,190,6344,10.61,160,75,75
2026-02-18,ENT005,inventory_risk,142,170,4315,4.96,140,87,27
2026-02-18,ENT006,repeat_purchase,95,111,8299,13.14,12,68,70
2026-02-18,ENT007,gross_margin,119,123,707,4.74,178,86,38
2026-02-18,ENT008,conversion_rate,161,193,4305,11.99,21,70,47
2026-02-18,ENT009,inventory_risk,198,180,8853,14.27,205,62,64
2026-02-18,ENT010,event_completeness,137,126,3107,2.23,85,96,43
2026-02-18,ENT011,event_completeness,157,190,5151,13.47,30,63,74
2026-02-18,ENT012,inventory_risk,209,194,1856,9.75,237,72,56
2026-02-18,ENT013,roas,167,200,2628,11.84,116,67,76
2026-02-18,ENT014,gross_margin,213,266,2277,10.84,94,69,78
2026-02-18,ENT015,repeat_purchase,160,203,4666,7.1,120,83,44
2026-02-18,ENT016,inventory_risk,75,62,8994,7.75,124,78,36
2026-02-18,ENT017,gross_margin,274,203,3335,8.7,153,81,56
2026-02-18,ENT018,roas,255,237,1100,13.28,173,68,75
2026-02-18,ENT019,roas,221,278,4474,9.39,231,77,55
2026-02-18,ENT020,gross_margin,256,312,1846,9.28,58,78,38
2026-02-18,ENT021,conversion_rate,158,199,8184,8.79,172,79,45
2026-02-18,ENT022,event_completeness,143,137,5603,9.27,143,79,55
2026-02-18,ENT023,inventory_risk,275,270,7151,10.96,180,73,75
2026-02-18,ENT024,conversion_rate,124,157,2954,3.99,106,94,40
2026-02-19,ENT001,conversion_rate,159,140,2816,8.93,62,81,35
2026-02-19,ENT002,inventory_risk,138,173,5781,10.92,200,72,63
2026-02-19,ENT003,conversion_rate,100,107,3703,8.32,41,81,54
2026-02-19,ENT004,conversion_rate,76,59,990,6.93,22,85,58
2026-02-19,ENT005,inventory_risk,244,195,5905,11.83,200,72,47
2026-02-19,ENT006,roas,234,267,2362,3.73,230,96,41
2026-02-19,ENT007,repeat_purchase,175,133,331,3.88,151,94,31
2026-02-19,ENT008,gross_margin,243,282,4279,6.54,165,86,50
2026-02-19,ENT009,inventory_risk,222,186,6715,13.09,81,66,61
2026-02-19,ENT010,repeat_purchase,162,180,6808,11.58,35,67,76
2026-02-19,ENT011,roas,178,128,583,5.93,193,83,28
2026-02-19,ENT012,event_completeness,275,303,5116,3.67,127,95,30
2026-02-19,ENT013,roas,176,190,782,14.21,148,65,75
2026-02-19,ENT014,inventory_risk,245,270,5631,5.76,23,85,37
2026-02-19,ENT015,gross_margin,271,209,5364,2.68,110,97,11
2026-02-19,ENT016,repeat_purchase,202,194,6531,11.52,101,71,46
2026-02-19,ENT017,roas,243,197,7756,9.57,188,77,55
2026-02-19,ENT018,inventory_risk,112,115,4993,8.92,62,74,63
2026-02-19,ENT019,repeat_purchase,247,252,4008,14.19,106,65,74
2026-02-19,ENT020,roas,220,238,4442,3.73,200,93,27
2026-02-19,ENT021,conversion_rate,189,236,8958,12.44,22,68,72
2026-02-19,ENT022,repeat_purchase,202,172,3952,4.13,165,89,28
2026-02-19,ENT023,repeat_purchase,167,127,1041,14.43,190,60,84
2026-02-19,ENT024,inventory_risk,258,328,5502,5.28,226,90,53
2026-02-20,ENT001,conversion_rate,267,302,898,3,187,93,21
2026-02-20,ENT002,gross_margin,258,279,3376,12.85,36,66,85
2026-02-20,ENT003,event_completeness,152,187,7261,9.28,173,73,60
2026-02-20,ENT004,repeat_purchase,194,155,335,1.59,126,99,24
2026-02-20,ENT005,inventory_risk,143,164,4202,6.28,112,83,41
2026-02-20,ENT006,inventory_risk,187,206,5943,3.91,210,91,43
2026-02-20,ENT007,roas,164,192,4059,10.47,126,73,75
2026-02-20,ENT008,roas,74,86,8136,3.43,224,95,16
2026-02-20,ENT009,roas,182,213,1165,14.26,170,63,64
2026-02-20,ENT010,gross_margin,277,252,7226,10.54,227,71,54
2026-02-20,ENT011,gross_margin,223,163,5856,9.65,155,76,51
2026-02-20,ENT012,conversion_rate,104,112,5313,7.97,75,79,36
2026-02-20,ENT013,gross_margin,165,130,7116,11.75,82,67,57
2026-02-20,ENT014,roas,119,123,4608,13.37,229,63,65
2026-02-20,ENT015,roas,189,172,6587,4.35,167,89,28
2026-02-20,ENT016,inventory_risk,228,219,5765,11.8,65,65,57
2026-02-20,ENT017,roas,142,142,7975,2.48,58,99,16
2026-02-20,ENT018,inventory_risk,116,103,6204,5.4,49,85,54
2026-02-20,ENT019,event_completeness,198,149,6458,10.99,102,70,46
2026-02-20,ENT020,gross_margin,124,150,7363,10.87,44,68,63
2026-02-20,ENT021,roas,223,190,4853,9.09,109,77,57
2026-02-20,ENT022,inventory_risk,187,196,4102,5.05,121,89,39
2026-02-20,ENT023,inventory_risk,223,283,3025,12.9,160,68,76
2026-02-20,ENT024,conversion_rate,278,314,871,13.51,233,62,66
2026-02-21,ENT001,gross_margin,141,113,5134,8.06,54,78,53
2026-02-21,ENT002,conversion_rate,204,196,1120,4.1,113,91,18
2026-02-21,ENT003,conversion_rate,83,81,119,12.26,119,64,57
2026-02-21,ENT004,roas,267,307,5623,14.49,89,64,71
2026-02-21,ENT005,roas,120,125,4632,7.81,198,84,41
2026-02-21,ENT006,roas,202,238,1889,6.75,69,86,44
2026-02-21,ENT007,gross_margin,84,74,7841,4.19,13,94,23
2026-02-21,ENT008,roas,263,302,7087,7.91,127,80,56
2026-02-21,ENT009,inventory_risk,225,209,5437,9.62,194,73,64
2026-02-21,ENT010,gross_margin,166,198,3934,3.56,176,93,27
2026-02-21,ENT011,gross_margin,156,186,6884,2.66,139,95,27
2026-02-21,ENT012,repeat_purchase,172,174,1461,13.32,95,67,76
2026-02-21,ENT013,gross_margin,148,181,6987,7.68,184,84,47
2026-02-21,ENT014,gross_margin,245,247,6587,10.5,85,76,56
2026-02-21,ENT015,repeat_purchase,74,54,2054,1.54,142,97,17
2026-02-21,ENT016,conversion_rate,279,335,4596,10.61,116,73,75
2026-02-21,ENT017,repeat_purchase,66,49,6072,2.06,113,96,18
2026-02-21,ENT018,inventory_risk,109,136,2075,3.93,50,96,40
2026-02-21,ENT019,repeat_purchase,99,82,4427,13.61,155,61,90
2026-02-21,ENT020,roas,174,184,7395,5.09,231,87,38
2026-02-21,ENT021,repeat_purchase,217,178,5757,11.71,186,71,62
2026-02-21,ENT022,gross_margin,237,197,2278,11.6,12,71,74
2026-02-21,ENT023,gross_margin,120,104,4593,5.53,113,90,39
2026-02-21,ENT024,inventory_risk,258,273,2571,14.44,170,64,84
2026-02-22,ENT001,roas,249,214,6455,9.49,186,78,44
2026-02-22,ENT002,conversion_rate,196,182,3046,8.64,62,81,43
2026-02-22,ENT003,repeat_purchase,82,89,8332,1.83,214,99,38
2026-02-22,ENT004,conversion_rate,234,262,2491,3.77,39,91,27
2026-02-22,ENT005,event_completeness,81,88,5934,13.15,153,64,78
2026-02-22,ENT006,conversion_rate,149,158,2040,8.58,205,76,45
2026-02-22,ENT007,inventory_risk,202,180,937,6.97,230,80,58
2026-02-22,ENT008,inventory_risk,187,221,3494,2.53,88,94,18
2026-02-22,ENT009,gross_margin,121,113,8232,7.31,162,84,55
2026-02-22,ENT010,inventory_risk,210,155,7654,11.34,139,67,56
2026-02-22,ENT011,inventory_risk,111,120,732,5.26,194,88,48
2026-02-22,ENT012,event_completeness,149,176,3728,13.59,31,67,81
2026-02-22,ENT013,repeat_purchase,189,225,5820,8.51,91,81,37
2026-02-22,ENT014,conversion_rate,225,261,3335,3.24,162,94,44
2026-02-22,ENT015,repeat_purchase,139,153,5554,12.93,171,66,61
2026-02-22,ENT016,repeat_purchase,106,111,3157,13.21,183,62,77
2026-02-22,ENT017,repeat_purchase,161,118,6360,13.15,76,64,65
2026-02-22,ENT018,repeat_purchase,207,153,1101,8.96,37,76,47
2026-02-22,ENT019,event_completeness,246,295,1672,13.1,30,69,65
2026-02-22,ENT020,roas,203,156,3553,3.03,92,92,40
2026-02-22,ENT021,roas,186,177,5946,10.55,61,70,70
2026-02-22,ENT022,conversion_rate,116,147,5861,13.61,125,62,85
2026-02-22,ENT023,roas,233,193,8384,7.75,127,78,41
2026-02-22,ENT024,roas,109,94,8503,10.09,138,70,60
2026-02-23,ENT001,roas,254,188,6944,8.9,19,81,55
2026-02-23,ENT002,event_completeness,78,92,6497,1.66,25,97,16
2026-02-23,ENT003,gross_margin,173,144,6664,4.78,168,88,44
2026-02-23,ENT004,repeat_purchase,86,63,5564,8.82,162,81,50
2026-02-23,ENT005,roas,199,187,153,9.28,184,73,70
2026-02-23,ENT006,conversion_rate,170,192,2621,8.99,164,77,58
2026-02-23,ENT007,repeat_purchase,196,239,1596,4.98,118,91,34
2026-02-23,ENT008,inventory_risk,131,122,1945,12.03,152,64,73
2026-02-23,ENT009,roas,125,128,482,5.68,138,84,42
2026-02-23,ENT010,inventory_risk,201,255,4581,5.85,202,87,32
2026-02-23,ENT011,conversion_rate,274,326,4534,2.01,201,99,40
2026-02-23,ENT012,inventory_risk,189,166,6668,5.93,13,83,35
2026-02-23,ENT013,conversion_rate,195,142,2353,10.96,180,70,51
2026-02-23,ENT014,gross_margin,146,169,6692,13.91,176,65,88
2026-02-23,ENT015,roas,222,171,6347,8.45,220,82,56
2026-02-23,ENT016,gross_margin,157,182,3806,2.13,24,99,9
2026-02-23,ENT017,gross_margin,197,240,6459,4.89,183,92,29
2026-02-23,ENT018,inventory_risk,145,139,5084,2.2,39,99,30
2026-02-23,ENT019,inventory_risk,127,107,4175,3.74,234,92,39
2026-02-23,ENT020,inventory_risk,95,114,6004,11.6,155,66,80
2026-02-23,ENT021,roas,194,223,1927,12.1,55,70,60
2026-02-23,ENT022,conversion_rate,71,58,6618,4.17,118,95,41
2026-02-23,ENT023,roas,131,118,1428,12.23,111,64,54
2026-02-23,ENT024,repeat_purchase,228,235,958,5.73,66,86,25
2026-02-24,ENT001,conversion_rate,88,99,1993,11.15,188,68,61
2026-02-24,ENT002,event_completeness,179,161,2126,13.63,203,65,88
2026-02-24,ENT003,inventory_risk,221,281,7790,12.16,202,66,73
2026-02-24,ENT004,event_completeness,86,107,4938,7.29,18,78,37
2026-02-24,ENT005,gross_margin,271,252,8327,12.45,99,70,67
2026-02-24,ENT006,gross_margin,241,195,2093,10.8,231,68,56
2026-02-24,ENT007,repeat_purchase,225,209,3537,13.65,210,67,57
2026-02-24,ENT008,event_completeness,223,165,344,12.45,190,67,57
2026-02-24,ENT009,roas,114,137,2109,6.34,16,85,43
2026-02-24,ENT010,roas,196,143,977,14.29,53,62,62
2026-02-24,ENT011,event_completeness,242,186,1974,6.71,96,83,57
2026-02-24,ENT012,conversion_rate,68,86,7068,3.74,226,89,27
2026-02-24,ENT013,repeat_purchase,123,145,6473,2.03,203,99,6
2026-02-24,ENT014,roas,146,124,3965,3.1,127,92,15
2026-02-24,ENT015,conversion_rate,215,191,4842,13.26,81,67,64
2026-02-24,ENT016,event_completeness,76,88,2216,2.13,140,99,13
2026-02-24,ENT017,repeat_purchase,214,205,6224,1.62,43,99,23
2026-02-24,ENT018,conversion_rate,143,117,217,7.61,142,79,38
2026-02-24,ENT019,repeat_purchase,143,159,2311,9.1,192,78,55
2026-02-24,ENT020,conversion_rate,218,235,382,1.93,94,99,31
2026-02-24,ENT021,roas,147,134,1357,13.09,90,67,64
2026-02-24,ENT022,inventory_risk,189,157,7466,5.6,162,84,51
2026-02-24,ENT023,gross_margin,82,79,8663,1.91,29,99,28
2026-02-24,ENT024,conversion_rate,202,220,136,9.87,168,78,43
2026-02-25,ENT001,gross_margin,167,194,7063,11.34,18,66,69
2026-02-25,ENT002,inventory_risk,235,261,657,13.25,170,65,72
2026-02-25,ENT003,event_completeness,145,122,8774,5.26,139,90,28
2026-02-25,ENT004,event_completeness,117,147,1858,6.07,133,89,24
2026-02-25,ENT005,event_completeness,148,144,202,3.15,219,95,24
2026-02-25,ENT006,gross_margin,182,137,1144,7.1,64,82,42
2026-02-25,ENT007,inventory_risk,73,64,2709,12.64,187,69,53
2026-02-25,ENT008,event_completeness,213,239,7739,9.04,133,77,47
2026-02-25,ENT009,inventory_risk,236,241,8505,14.16,203,60,69
2026-02-25,ENT010,gross_margin,96,108,5336,2.12,120,95,34
2026-02-25,ENT011,gross_margin,94,85,5727,10.41,100,70,67
2026-02-25,ENT012,conversion_rate,263,203,3943,10.66,229,70,50
2026-02-25,ENT013,gross_margin,201,239,3537,10.95,197,69,50
2026-02-25,ENT014,gross_margin,206,157,2532,12.64,73,67,55
2026-02-25,ENT015,conversion_rate,278,297,3679,3.8,63,91,22
2026-02-25,ENT016,conversion_rate,203,177,5205,2.23,174,99,16
2026-02-25,ENT017,roas,90,94,7734,4.96,233,89,28
2026-02-25,ENT018,conversion_rate,263,279,1684,13.39,34,66,75
2026-02-25,ENT019,roas,105,131,6525,3.97,66,96,42
2026-02-25,ENT020,repeat_purchase,134,133,1314,13.41,94,61,67
2026-02-25,ENT021,event_completeness,218,220,5204,13.51,145,65,88
2026-02-25,ENT022,conversion_rate,180,207,4636,4.5,31,89,36
2026-02-25,ENT023,inventory_risk,191,197,3740,1.94,131,98,24
2026-02-25,ENT024,roas,105,130,1709,8.29,33,75,59
2026-02-26,ENT001,repeat_purchase,100,126,4167,7.86,29,80,45
2026-02-26,ENT002,conversion_rate,253,187,6122,11.47,238,66,60
2026-02-26,ENT003,conversion_rate,131,114,8910,7.65,85,80,30
2026-02-26,ENT004,roas,118,142,8720,2.31,182,94,40
2026-02-26,ENT005,gross_margin,166,186,1275,4.1,239,91,32
2026-02-26,ENT006,inventory_risk,79,97,2690,7.22,64,83,34
2026-02-26,ENT007,conversion_rate,224,206,6213,10.9,14,73,76
2026-02-26,ENT008,inventory_risk,121,122,8651,10.33,194,76,67
2026-02-26,ENT009,event_completeness,260,200,8371,11.25,22,74,76
2026-02-26,ENT010,repeat_purchase,66,81,1620,3.04,204,95,19
2026-02-26,ENT011,roas,179,197,3938,7.4,36,84,52
2026-02-26,ENT012,conversion_rate,229,185,7458,7.58,94,85,46
2026-02-26,ENT013,event_completeness,65,81,7891,5.21,27,88,34
2026-02-26,ENT014,repeat_purchase,143,143,3081,9.6,129,78,43
2026-02-26,ENT015,roas,194,204,7726,11.73,72,69,67
2026-02-26,ENT016,repeat_purchase,76,59,3986,7.7,56,79,55
2026-02-26,ENT017,gross_margin,186,192,6382,6.77,21,81,39
2026-02-26,ENT018,gross_margin,186,166,138,10.99,143,69,76
2026-02-26,ENT019,gross_margin,94,115,2731,5.4,79,91,42
2026-02-26,ENT020,gross_margin,105,111,7815,10.7,169,71,47
2026-02-26,ENT021,event_completeness,205,248,7744,3.6,30,90,46
2026-02-26,ENT022,inventory_risk,238,281,5503,3.68,237,93,36
2026-02-26,ENT023,gross_margin,190,139,7138,1.77,41,99,34
2026-02-26,ENT024,conversion_rate,279,204,3576,3,216,92,12
2026-02-27,ENT001,roas,195,166,4306,2.29,114,96,15
2026-02-27,ENT002,event_completeness,76,83,6945,9.51,96,72,43
2026-02-27,ENT003,inventory_risk,206,243,804,7.11,207,84,57
2026-02-27,ENT004,inventory_risk,81,87,4470,9.4,122,78,66
2026-02-27,ENT005,repeat_purchase,68,69,3594,2.3,137,99,13
2026-02-27,ENT006,roas,70,66,2962,10.74,232,72,49
2026-02-27,ENT007,roas,138,155,5538,7.58,169,80,41
2026-02-27,ENT008,inventory_risk,233,280,7672,2.09,188,94,27
2026-02-27,ENT009,repeat_purchase,226,190,1560,8.96,223,76,56
2026-02-27,ENT010,roas,112,120,2783,2,163,99,9
2026-02-27,ENT011,event_completeness,253,271,4820,8.23,239,78,54
2026-02-27,ENT012,conversion_rate,118,150,3249,4.65,178,92,22
2026-02-27,ENT013,repeat_purchase,266,218,433,7.54,71,82,60
2026-02-27,ENT014,inventory_risk,257,324,8531,3.33,238,96,25
2026-02-27,ENT015,conversion_rate,232,292,6244,6.99,76,86,59
2026-02-27,ENT016,event_completeness,141,134,919,14.06,228,61,66
2026-02-27,ENT017,gross_margin,273,330,8711,2.16,97,99,26
2026-02-27,ENT018,gross_margin,80,61,6301,8.13,41,83,33
2026-02-27,ENT019,inventory_risk,242,271,5834,7.7,53,79,44
2026-02-27,ENT020,conversion_rate,229,236,3291,13.68,165,65,76
2026-02-27,ENT021,gross_margin,174,151,5483,2.85,64,92,41
2026-02-27,ENT022,conversion_rate,180,187,1838,9.23,213,77,47
2026-02-27,ENT023,event_completeness,77,70,5886,7.06,123,84,55
2026-02-27,ENT024,event_completeness,258,302,5868,12.27,190,64,68
2026-02-28,ENT001,conversion_rate,168,198,2873,12.52,225,65,76
2026-02-28,ENT002,gross_margin,248,198,2699,11.82,172,68,73
2026-02-28,ENT003,event_completeness,234,274,6048,7.71,40,78,63
2026-02-28,ENT004,roas,268,281,5963,4.98,195,93,26
2026-02-28,ENT005,roas,81,83,1435,13.98,180,65,57
2026-02-28,ENT006,inventory_risk,136,133,416,7.49,168,81,36
2026-02-28,ENT007,inventory_risk,191,202,3322,5.13,47,90,29
2026-02-28,ENT008,conversion_rate,248,226,2702,12.33,217,66,77
2026-02-28,ENT009,gross_margin,227,279,7994,8.92,15,79,56
2026-02-28,ENT010,event_completeness,79,67,6168,13.23,140,62,85
2026-02-28,ENT011,repeat_purchase,128,147,978,13.71,190,59,66
2026-02-28,ENT012,gross_margin,138,141,5943,2.26,211,98,13
2026-02-28,ENT013,gross_margin,116,147,8890,4.94,80,87,52
2026-02-28,ENT014,gross_margin,259,210,6190,6.4,173,83,41
2026-02-28,ENT015,inventory_risk,68,80,8561,1.74,94,99,7
2026-02-28,ENT016,inventory_risk,259,275,594,7.08,50,82,59
2026-02-28,ENT017,conversion_rate,175,151,5651,2.5,71,99,17
2026-02-28,ENT018,roas,165,210,6367,2.76,43,93,34
2026-02-28,ENT019,roas,92,109,6207,8.4,97,75,58
2026-02-28,ENT020,gross_margin,232,176,138,6.5,209,88,51
2026-02-28,ENT021,inventory_risk,244,288,6079,7.99,171,84,63
2026-02-28,ENT022,event_completeness,93,90,5477,4.49,128,88,45
2026-02-28,ENT023,roas,121,108,7083,13.74,114,66,87
2026-02-28,ENT024,roas,277,266,2027,5.63,171,90,51
2026-03-01,ENT001,roas,220,185,6409,7.65,142,84,60
2026-03-01,ENT002,gross_margin,75,66,4107,13.1,38,64,65
2026-03-01,ENT003,inventory_risk,133,122,3869,3.73,92,94,34
2026-03-01,ENT004,event_completeness,132,110,5526,8.94,19,73,62
2026-03-01,ENT005,repeat_purchase,272,277,225,6.63,230,82,60
2026-03-01,ENT006,gross_margin,94,84,4660,3.55,215,91,22
2026-03-01,ENT007,gross_margin,166,174,4436,9.2,239,79,39
2026-03-01,ENT008,inventory_risk,129,157,2792,7.32,210,83,29
2026-03-01,ENT009,roas,195,183,5225,2.99,33,95,40
2026-03-01,ENT010,inventory_risk,80,70,2428,2.16,107,96,29
2026-03-01,ENT011,roas,97,74,5087,1.89,111,99,35
2026-03-01,ENT012,conversion_rate,121,92,5634,4.05,207,92,48
2026-03-01,ENT013,roas,273,333,778,13.64,91,60,57
2026-03-01,ENT014,roas,129,95,3436,8.63,220,82,67
2026-03-01,ENT015,roas,78,76,8398,11.42,207,73,76
2026-03-01,ENT016,inventory_risk,124,110,913,1.77,78,99,36
2026-03-01,ENT017,inventory_risk,201,221,8205,9.41,65,74,68
2026-03-01,ENT018,inventory_risk,71,66,6600,9.09,65,78,44
2026-03-01,ENT019,conversion_rate,99,120,5376,8.32,145,80,45
2026-03-01,ENT020,gross_margin,105,86,4060,2.55,33,99,29
2026-03-01,ENT021,roas,160,192,1579,6.01,102,83,41
2026-03-01,ENT022,event_completeness,116,93,3729,2.02,212,97,26
2026-03-01,ENT023,repeat_purchase,211,268,2219,7.99,35,83,31
2026-03-01,ENT024,gross_margin,194,169,5562,7.83,202,83,37
2026-03-02,ENT001,gross_margin,176,141,5846,12.04,156,70,78
2026-03-02,ENT002,roas,209,173,6283,11.32,237,69,60
2026-03-02,ENT003,gross_margin,91,113,2479,5.73,14,85,40
2026-03-02,ENT004,event_completeness,258,217,6633,5.43,177,88,24
2026-03-02,ENT005,gross_margin,115,127,7621,3,212,92,43
2026-03-02,ENT006,event_completeness,245,230,774,8.26,90,78,54
2026-03-02,ENT007,roas,117,113,7058,2.72,28,94,20
2026-03-02,ENT008,inventory_risk,112,119,1382,8.59,152,74,37
2026-03-02,ENT009,roas,116,94,8713,12.27,57,64,56
2026-03-02,ENT010,roas,66,71,2287,2.51,94,97,21
2026-03-02,ENT011,event_completeness,80,88,5291,6.05,52,87,47
2026-03-02,ENT012,inventory_risk,165,130,3568,3.91,240,90,18
2026-03-02,ENT013,event_completeness,158,186,8284,14.12,197,59,60
2026-03-02,ENT014,gross_margin,112,131,957,3.13,37,93,18
2026-03-02,ENT015,roas,259,243,1703,2.69,94,97,38
2026-03-02,ENT016,gross_margin,132,124,2005,3.41,13,94,35
2026-03-02,ENT017,repeat_purchase,66,61,2845,1.73,29,96,7
2026-03-02,ENT018,inventory_risk,125,148,6572,5.57,78,88,49
2026-03-02,ENT019,event_completeness,128,148,7095,11.5,193,70,70
2026-03-02,ENT020,conversion_rate,108,85,5155,5.48,106,90,37
2026-03-02,ENT021,inventory_risk,149,109,4100,13.14,121,64,56
2026-03-02,ENT022,repeat_purchase,229,245,3972,4.67,67,91,32
2026-03-02,ENT023,gross_margin,79,85,2854,5.22,193,90,20
2026-03-02,ENT024,gross_margin,135,170,5454,7.9,154,78,54
2026-03-03,ENT001,repeat_purchase,129,134,3266,14.3,163,60,66
2026-03-03,ENT002,repeat_purchase,279,226,6569,7.67,228,78,49
2026-03-03,ENT003,event_completeness,133,109,3404,1.5,199,96,24
2026-03-03,ENT004,roas,208,227,6070,7.85,172,81,47
2026-03-03,ENT005,inventory_risk,214,188,6750,3.06,103,93,20
2026-03-03,ENT006,gross_margin,84,79,2825,8.18,20,77,64
2026-03-03,ENT007,roas,150,126,2679,10.88,119,73,62
2026-03-03,ENT008,inventory_risk,268,330,3062,1.9,88,99,31
2026-03-03,ENT009,repeat_purchase,243,301,473,9.13,151,76,61
2026-03-03,ENT010,repeat_purchase,259,231,857,12.23,187,65,72
2026-03-03,ENT011,event_completeness,264,193,884,10.77,121,70,59
2026-03-03,ENT012,inventory_risk,210,204,3222,12,209,72,60
2026-03-03,ENT013,repeat_purchase,107,126,3385,3.13,92,97,13
2026-03-03,ENT014,event_completeness,81,98,1671,12.2,24,63,59
2026-03-03,ENT015,roas,235,226,4497,10.49,176,74,49
2026-03-03,ENT016,inventory_risk,88,64,6232,7.51,71,80,63
2026-03-03,ENT017,conversion_rate,187,217,5032,13.58,199,61,79
2026-03-03,ENT018,roas,66,53,8087,12.9,111,68,67
2026-03-03,ENT019,gross_margin,97,111,8427,12.24,62,68,81
2026-03-03,ENT020,inventory_risk,127,122,4667,9.17,44,79,36
2026-03-03,ENT021,roas,276,221,1228,9.88,93,76,56
2026-03-03,ENT022,conversion_rate,248,191,6895,5.52,35,87,37
2026-03-03,ENT023,gross_margin,154,182,4937,11.12,42,71,52
2026-03-03,ENT024,inventory_risk,66,63,1835,11.1,186,68,67
2026-03-04,ENT001,repeat_purchase,224,255,2980,6.31,112,88,42
2026-03-04,ENT002,conversion_rate,183,212,4538,6.61,211,85,48
2026-03-04,ENT003,roas,123,90,1478,8.11,185,82,58
2026-03-04,ENT004,repeat_purchase,242,283,2854,6.83,18,80,34
2026-03-04,ENT005,conversion_rate,152,192,809,10.05,169,72,59
2026-03-04,ENT006,event_completeness,235,207,352,6.17,64,89,50
2026-03-04,ENT007,conversion_rate,209,173,2857,10.09,135,77,71
2026-03-04,ENT008,roas,81,76,5735,2.26,118,94,20
2026-03-04,ENT009,roas,239,263,424,8.18,210,81,31
2026-03-04,ENT010,repeat_purchase,73,80,4402,6.53,73,81,27
2026-03-04,ENT011,roas,243,277,2311,3.83,25,95,46
2026-03-04,ENT012,conversion_rate,247,183,1380,2.7,72,99,10
2026-03-04,ENT013,gross_margin,77,68,4889,6.66,212,82,42
2026-03-04,ENT014,inventory_risk,176,225,1807,9.44,182,74,63
2026-03-04,ENT015,roas,112,119,8268,7.98,20,83,62
2026-03-04,ENT016,repeat_purchase,280,291,343,12.85,66,67,77
2026-03-04,ENT017,repeat_purchase,173,190,5699,4.34,184,90,18
2026-03-04,ENT018,event_completeness,113,106,6257,3.05,23,92,35
2026-03-04,ENT019,roas,193,154,8669,8.09,88,83,56
2026-03-04,ENT020,conversion_rate,100,119,6072,10.78,205,74,44
2026-03-04,ENT021,inventory_risk,232,209,621,5.96,169,84,54
2026-03-04,ENT022,gross_margin,261,331,6495,13.88,60,63,89
2026-03-04,ENT023,event_completeness,273,246,6647,8.6,229,80,38
2026-03-04,ENT024,event_completeness,221,250,5984,12.96,56,64,86
2026-03-05,ENT001,repeat_purchase,233,186,2612,9.16,12,79,62
2026-03-05,ENT002,event_completeness,87,105,1995,2.86,216,91,45
2026-03-05,ENT003,roas,196,208,2686,6.84,21,82,50
2026-03-05,ENT004,repeat_purchase,246,197,7149,9.27,16,77,66
2026-03-05,ENT005,repeat_purchase,209,217,4144,4.46,47,88,38
2026-03-05,ENT006,repeat_purchase,85,73,2962,8.28,108,76,49
2026-03-05,ENT007,roas,80,99,3543,6.03,212,83,48
2026-03-05,ENT008,roas,159,202,609,1.95,172,95,19
2026-03-05,ENT009,repeat_purchase,252,270,3960,14.29,184,58,84
2026-03-05,ENT010,inventory_risk,266,231,3574,2.86,180,92,28
2026-03-05,ENT011,conversion_rate,98,115,4406,2.28,216,99,21
2026-03-05,ENT012,inventory_risk,107,88,5978,5.66,73,84,35
2026-03-05,ENT013,inventory_risk,81,94,7072,1.93,136,98,29
2026-03-05,ENT014,event_completeness,160,123,8742,10.68,112,71,58
2026-03-05,ENT015,conversion_rate,266,223,6735,10.59,160,75,73
2026-03-05,ENT016,conversion_rate,188,205,81,8.43,99,83,40
2026-03-05,ENT017,conversion_rate,116,86,6928,1.6,106,99,24
2026-03-05,ENT018,conversion_rate,110,136,7346,3.22,185,91,14
2026-03-05,ENT019,inventory_risk,228,249,423,12.85,207,66,52
2026-03-05,ENT020,conversion_rate,234,218,6156,10.69,90,73,67
2026-03-05,ENT021,repeat_purchase,191,237,3245,14.37,100,61,73
2026-03-05,ENT022,gross_margin,191,244,7921,3.36,142,92,26
2026-03-05,ENT023,conversion_rate,113,94,8393,9.85,93,71,58
2026-03-05,ENT024,gross_margin,242,218,4653,12.24,35,66,72
2026-03-06,ENT001,roas,195,191,2013,8.23,156,77,39
2026-03-06,ENT002,roas,213,215,2971,7.36,100,84,56
2026-03-06,ENT003,gross_margin,108,100,6321,8.25,44,79,61
2026-03-06,ENT004,repeat_purchase,158,155,4592,12.31,66,69,60
2026-03-06,ENT005,repeat_purchase,76,65,6574,9.04,115,74,53
2026-03-06,ENT006,repeat_purchase,151,172,4654,10.87,96,73,44
2026-03-06,ENT007,inventory_risk,244,205,2915,7.63,88,84,39
2026-03-06,ENT008,repeat_purchase,92,108,7886,9.49,235,77,52
2026-03-06,ENT009,gross_margin,267,235,8701,9.56,81,75,66
2026-03-06,ENT010,repeat_purchase,144,179,178,8.93,82,77,39
2026-03-06,ENT011,roas,177,159,4234,13.43,58,61,61
2026-03-06,ENT012,roas,106,98,422,1.77,55,99,37
2026-03-06,ENT013,gross_margin,186,154,6441,8.44,187,77,54
2026-03-06,ENT014,event_completeness,67,62,5325,8.99,157,73,50
2026-03-06,ENT015,inventory_risk,265,307,4769,11,49,67,61
2026-03-06,ENT016,repeat_purchase,209,171,5575,12.53,99,63,87
2026-03-06,ENT017,repeat_purchase,165,127,4110,10.23,144,74,71
2026-03-06,ENT018,conversion_rate,172,153,2008,4.87,113,90,36
2026-03-06,ENT019,conversion_rate,280,235,5285,4.57,186,88,51
2026-03-06,ENT020,inventory_risk,146,130,3935,12.55,171,66,61
2026-03-06,ENT021,gross_margin,165,170,3377,12.35,150,65,78
2026-03-06,ENT022,repeat_purchase,234,178,711,2.77,112,98,30
2026-03-06,ENT023,inventory_risk,263,297,3895,4.28,169,90,27
2026-03-06,ENT024,inventory_risk,257,301,4661,10.97,224,71,72
2026-03-07,ENT001,event_completeness,203,229,3264,5.12,208,86,25
2026-03-07,ENT002,event_completeness,190,139,4810,8.32,235,80,64
2026-03-07,ENT003,conversion_rate,100,126,4988,13.14,189,66,55
2026-03-07,ENT004,event_completeness,184,208,887,3.35,126,92,38
2026-03-07,ENT005,gross_margin,141,124,144,10.75,124,73,60
2026-03-07,ENT006,conversion_rate,143,139,1655,13.5,28,65,60
2026-03-07,ENT007,gross_margin,164,126,1382,14.05,239,64,75
2026-03-07,ENT008,event_completeness,168,141,5397,10.65,123,70,67
2026-03-07,ENT009,gross_margin,108,99,5581,5.36,193,88,35
2026-03-07,ENT010,event_completeness,145,164,7166,9.71,91,76,51
2026-03-07,ENT011,inventory_risk,238,271,1088,8.82,117,79,64
2026-03-07,ENT012,inventory_risk,181,167,6028,14.18,148,58,79
2026-03-07,ENT013,event_completeness,80,86,1732,9.93,58,71,49
2026-03-07,ENT014,event_completeness,196,167,3394,13.71,33,66,84
2026-03-07,ENT015,repeat_purchase,163,130,549,5.13,108,90,19
2026-03-07,ENT016,inventory_risk,146,128,1346,7.67,53,85,50
2026-03-07,ENT017,repeat_purchase,88,77,3787,12.34,77,69,50
2026-03-07,ENT018,event_completeness,250,228,964,2.69,64,99,17
2026-03-07,ENT019,conversion_rate,268,340,2478,3.56,74,95,40
2026-03-07,ENT020,inventory_risk,150,119,653,10.25,63,73,57
2026-03-07,ENT021,conversion_rate,219,166,6444,6.38,185,86,52
2026-03-07,ENT022,roas,207,201,3392,5.21,83,89,41
2026-03-07,ENT023,repeat_purchase,78,76,6943,10.58,137,74,71
2026-03-07,ENT024,roas,230,175,6141,14.4,96,61,92
2026-03-08,ENT001,roas,189,153,1758,4.69,120,93,28
2026-03-08,ENT002,repeat_purchase,131,165,7086,10.2,137,74,46
2026-03-08,ENT003,repeat_purchase,252,227,2442,12.55,223,66,72
2026-03-08,ENT004,repeat_purchase,157,135,3972,12.04,212,68,61
2026-03-08,ENT005,event_completeness,201,183,5891,12.85,111,66,61
2026-03-08,ENT006,roas,254,231,1345,6.01,190,85,46
2026-03-08,ENT007,gross_margin,214,255,1585,1.73,62,99,20
2026-03-08,ENT008,inventory_risk,84,102,8883,7.43,165,78,39
2026-03-08,ENT009,roas,83,98,5601,3.3,187,93,15
2026-03-08,ENT010,inventory_risk,111,80,4041,6.38,125,84,58
2026-03-08,ENT011,roas,90,102,5414,2.25,100,99,20
2026-03-08,ENT012,conversion_rate,111,91,1741,4.27,81,90,31
2026-03-08,ENT013,gross_margin,154,146,2834,6.38,185,83,61
2026-03-08,ENT014,conversion_rate,259,249,8097,11.43,197,67,62
2026-03-08,ENT015,gross_margin,280,249,3403,5.15,130,89,33
2026-03-08,ENT016,event_completeness,72,66,905,5.62,231,90,26
2026-03-08,ENT017,roas,140,132,5811,6.3,198,88,29
2026-03-08,ENT018,conversion_rate,135,105,8249,7.66,124,81,54
2026-03-08,ENT019,gross_margin,164,151,218,7.35,208,79,40
2026-03-08,ENT020,conversion_rate,184,197,8708,13.94,123,63,57
2026-03-08,ENT021,gross_margin,259,267,2264,6.2,126,87,41
2026-03-08,ENT022,event_completeness,195,197,1044,6.99,228,85,51
2026-03-08,ENT023,roas,256,210,6796,11.66,190,71,68
2026-03-08,ENT024,gross_margin,181,156,2531,5.07,93,90,49
2026-03-09,ENT001,event_completeness,138,117,4036,2.07,128,95,36
2026-03-09,ENT002,roas,204,165,2681,7.7,63,83,55
2026-03-09,ENT003,repeat_purchase,267,283,4668,13.79,197,64,85
2026-03-09,ENT004,repeat_purchase,176,178,6171,6.25,167,87,54
2026-03-09,ENT005,repeat_purchase,108,92,2483,8.82,169,79,56
2026-03-09,ENT006,gross_margin,88,92,4411,7.48,14,82,44
2026-03-09,ENT007,inventory_risk,178,228,8393,2.34,148,99,15
2026-03-09,ENT008,gross_margin,235,261,633,5.12,62,85,41
2026-03-09,ENT009,gross_margin,125,155,4152,8.25,14,79,47
2026-03-09,ENT010,repeat_purchase,156,140,8216,3.41,154,95,37
2026-03-09,ENT011,roas,244,203,3126,10.78,229,70,73
2026-03-09,ENT012,conversion_rate,155,119,4417,1.7,97,95,37
2026-03-09,ENT013,roas,203,166,4022,14.02,147,63,70
2026-03-09,ENT014,gross_margin,235,289,8972,4.96,21,86,50
2026-03-09,ENT015,roas,131,136,7053,13.5,195,64,75
2026-03-09,ENT016,conversion_rate,114,82,2153,8.39,52,78,63
2026-03-09,ENT017,gross_margin,200,186,3345,6.72,173,81,52
2026-03-09,ENT018,roas,100,125,3366,7.97,209,84,46
2026-03-09,ENT019,roas,209,153,8949,3.75,67,95,22
2026-03-09,ENT020,repeat_purchase,241,277,7044,11,81,71,48
2026-03-09,ENT021,conversion_rate,244,229,723,11.79,181,72,53
2026-03-09,ENT022,inventory_risk,124,91,7734,7.7,92,78,46
2026-03-09,ENT023,repeat_purchase,258,320,3864,6.71,122,81,40
2026-03-09,ENT024,gross_margin,182,207,7344,7.73,31,84,45
2026-03-10,ENT001,event_completeness,90,97,1031,8.61,69,80,55
2026-03-10,ENT002,event_completeness,197,219,4549,11.78,99,69,49
2026-03-10,ENT003,inventory_risk,116,99,2038,14.41,216,59,71
2026-03-10,ENT004,roas,179,158,2039,9.14,120,78,38
2026-03-10,ENT005,conversion_rate,196,151,6496,8.4,219,78,53
2026-03-10,ENT006,conversion_rate,160,173,4851,14.25,125,63,88
2026-03-10,ENT007,event_completeness,109,101,2145,11.8,235,70,62
2026-03-10,ENT008,roas,210,241,849,12.23,28,65,66
2026-03-10,ENT009,event_completeness,217,174,7777,2.31,136,95,22
2026-03-10,ENT010,inventory_risk,233,231,3656,8.51,208,79,63
2026-03-10,ENT011,gross_margin,187,166,209,2.7,98,96,31
2026-03-10,ENT012,conversion_rate,199,209,6381,13.35,40,63,69
2026-03-10,ENT013,conversion_rate,80,92,1804,13.35,39,60,66
2026-03-10,ENT014,inventory_risk,155,186,6708,13.39,77,62,62
2026-03-10,ENT015,gross_margin,147,144,7446,9.84,211,78,67
2026-03-10,ENT016,roas,238,190,5219,8.25,127,77,38
2026-03-10,ENT017,roas,199,193,699,5.45,180,90,33
2026-03-10,ENT018,conversion_rate,260,247,3727,8.08,63,79,49
2026-03-10,ENT019,conversion_rate,268,324,5664,9.82,102,71,71
2026-03-10,ENT020,repeat_purchase,152,182,3597,5.09,181,89,21
2026-03-10,ENT021,repeat_purchase,185,150,5017,13.41,159,60,73
2026-03-10,ENT022,repeat_purchase,188,227,4081,10.17,187,71,62
2026-03-10,ENT023,conversion_rate,244,176,784,11.14,13,72,48
2026-03-10,ENT024,roas,146,120,639,11.4,239,66,82
2026-03-11,ENT001,roas,137,132,3744,12.92,64,68,63
2026-03-11,ENT002,roas,172,212,1112,10.65,161,75,67
2026-03-11,ENT003,event_completeness,257,311,4998,2.2,219,99,8
2026-03-11,ENT004,conversion_rate,159,165,6204,8.11,29,78,37
2026-03-11,ENT005,event_completeness,209,180,1058,11.57,15,66,64
2026-03-11,ENT006,conversion_rate,181,154,7814,12.88,70,63,71
2026-03-11,ENT007,roas,113,82,1090,3.29,116,97,38
2026-03-11,ENT008,gross_margin,81,81,5200,1.53,108,99,35
2026-03-11,ENT009,roas,185,154,7408,9.85,164,77,45
2026-03-11,ENT010,inventory_risk,131,138,3312,6.63,145,85,52
2026-03-11,ENT011,roas,108,107,4876,1.56,43,99,18
2026-03-11,ENT012,repeat_purchase,181,174,2190,10.37,39,70,44
2026-03-11,ENT013,event_completeness,119,105,3837,14.11,239,64,82
2026-03-11,ENT014,roas,105,117,4222,7.06,80,83,52
2026-03-11,ENT015,event_completeness,163,191,2762,3.1,142,91,38
2026-03-11,ENT016,gross_margin,246,300,3546,13.73,215,63,81
2026-03-11,ENT017,roas,123,96,4417,10.62,228,74,45
2026-03-11,ENT018,repeat_purchase,136,124,2216,2.7,170,92,43
2026-03-11,ENT019,repeat_purchase,258,201,5269,6.84,134,86,41
2026-03-11,ENT020,event_completeness,231,215,8533,3.1,37,98,26
2026-03-11,ENT021,roas,150,169,2735,4.53,153,88,24
2026-03-11,ENT022,gross_margin,204,182,8612,7.49,173,81,36
2026-03-11,ENT023,roas,214,268,2428,4.64,225,90,20
2026-03-11,ENT024,inventory_risk,252,244,388,8.36,190,80,64
2026-03-12,ENT001,event_completeness,211,243,7568,6.87,64,85,47
2026-03-12,ENT002,roas,242,220,864,8.76,220,77,61
2026-03-12,ENT003,roas,123,118,8383,7.22,199,81,63
2026-03-12,ENT004,gross_margin,161,174,8760,6.79,137,83,37
2026-03-12,ENT005,conversion_rate,160,146,7205,8.58,47,79,62
2026-03-12,ENT006,conversion_rate,128,113,2837,6.22,134,84,29
2026-03-12,ENT007,inventory_risk,136,113,7869,5.23,99,87,30
2026-03-12,ENT008,event_completeness,191,191,2669,14.03,172,62,90
2026-03-12,ENT009,inventory_risk,122,92,5126,6.48,218,81,37
2026-03-12,ENT010,event_completeness,125,156,4527,11.98,109,68,53
2026-03-12,ENT011,conversion_rate,247,230,812,8.17,228,79,66
2026-03-12,ENT012,inventory_risk,93,100,6469,6.15,51,82,50
2026-03-12,ENT013,repeat_purchase,279,215,2167,3.28,41,94,13
2026-03-12,ENT014,repeat_purchase,227,184,6663,11.54,31,66,82
2026-03-12,ENT015,roas,73,78,2331,5.45,239,87,53
2026-03-12,ENT016,gross_margin,213,230,1723,10.59,132,71,65
2026-03-12,ENT017,roas,225,171,5430,7.58,154,82,33
2026-03-12,ENT018,roas,164,192,2866,2.78,162,93,17
2026-03-12,ENT019,event_completeness,153,121,7058,5.37,44,85,46
2026-03-12,ENT020,conversion_rate,202,158,7487,2.17,235,96,13
2026-03-12,ENT021,roas,257,216,1532,7.88,84,80,43
2026-03-12,ENT022,gross_margin,259,293,6406,8.98,221,79,53
2026-03-12,ENT023,event_completeness,219,223,6975,9.12,40,75,66
2026-03-12,ENT024,gross_margin,89,98,8951,7.13,97,85,61
2026-03-13,ENT001,conversion_rate,84,69,1203,11.56,77,66,59
2026-03-13,ENT002,gross_margin,142,168,5609,13.81,78,64,62
2026-03-13,ENT003,event_completeness,278,214,337,10.77,205,69,66
2026-03-13,ENT004,event_completeness,71,90,2033,12.07,59,70,55
2026-03-13,ENT005,conversion_rate,115,95,3603,5.9,181,89,41
2026-03-13,ENT006,gross_margin,251,319,8449,13.34,203,64,79
2026-03-13,ENT007,repeat_purchase,177,173,589,10.3,91,71,50
2026-03-13,ENT008,repeat_purchase,75,83,2306,3.01,151,97,20
2026-03-13,ENT009,inventory_risk,175,222,5244,10.06,22,74,52
2026-03-13,ENT010,repeat_purchase,114,90,6877,3.01,71,93,42
2026-03-13,ENT011,event_completeness,252,312,691,13.57,192,66,72
2026-03-13,ENT012,gross_margin,197,195,393,4.34,93,91,47
2026-03-13,ENT013,event_completeness,142,163,8911,10.09,167,75,67
2026-03-13,ENT014,conversion_rate,69,57,3569,3.66,216,90,42
2026-03-13,ENT015,conversion_rate,251,211,8792,6.33,126,83,40
2026-03-13,ENT016,event_completeness,265,196,6571,13.84,207,61,59
2026-03-13,ENT017,event_completeness,170,155,5819,10.95,78,71,73
2026-03-13,ENT018,conversion_rate,188,149,3020,9.52,180,77,70
2026-03-13,ENT019,conversion_rate,192,202,3635,6.21,223,85,40
2026-03-13,ENT020,event_completeness,272,204,6166,2.69,49,98,17
2026-03-13,ENT021,repeat_purchase,251,311,2376,10.47,161,72,52
2026-03-13,ENT022,roas,277,335,2611,14.22,104,58,64
2026-03-13,ENT023,gross_margin,151,180,5914,10.76,165,71,46
2026-03-13,ENT024,roas,162,139,4158,6.46,234,87,29
2026-03-14,ENT001,gross_margin,223,205,2343,12.37,168,68,75
2026-03-14,ENT002,roas,94,91,1538,10.77,49,75,61
2026-03-14,ENT003,roas,263,224,6913,10.39,119,77,60
2026-03-14,ENT004,conversion_rate,256,241,7338,8.11,154,83,57
2026-03-14,ENT005,inventory_risk,193,237,6831,13.28,112,61,79
2026-03-14,ENT006,gross_margin,205,240,809,4.58,221,92,37
2026-03-14,ENT007,conversion_rate,73,78,4192,14.43,57,64,60
2026-03-14,ENT008,roas,182,151,6470,2.99,31,97,29
2026-03-14,ENT009,gross_margin,113,107,5384,2.71,38,98,19
2026-03-14,ENT010,inventory_risk,264,335,3242,13.43,60,68,55
2026-03-14,ENT011,gross_margin,259,231,1578,12.06,212,72,63
2026-03-14,ENT012,event_completeness,162,159,3049,11.83,235,70,51
2026-03-14,ENT013,event_completeness,205,170,2736,2.04,25,97,33
2026-03-14,ENT014,event_completeness,93,118,4548,2.51,66,94,13
2026-03-14,ENT015,roas,266,210,255,11.39,165,70,64
2026-03-14,ENT016,roas,152,190,380,2.76,140,93,29
2026-03-14,ENT017,conversion_rate,103,80,977,12.59,181,70,82
2026-03-14,ENT018,event_completeness,106,128,2251,14.4,198,60,61
2026-03-14,ENT019,repeat_purchase,240,230,7675,13.41,210,61,85
2026-03-14,ENT020,inventory_risk,273,268,3584,8.31,177,77,39
2026-03-14,ENT021,event_completeness,144,145,8464,2.52,191,99,29
2026-03-14,ENT022,inventory_risk,238,264,4605,13.06,108,61,84
2026-03-14,ENT023,conversion_rate,171,135,1883,11.99,222,72,76
2026-03-14,ENT024,conversion_rate,165,195,1751,8.39,15,76,56
2026-03-15,ENT001,gross_margin,77,69,4149,10.9,230,73,54
2026-03-15,ENT002,event_completeness,158,160,3836,13.84,48,65,71
2026-03-15,ENT003,inventory_risk,105,109,2877,6.89,103,82,54
2026-03-15,ENT004,roas,279,335,3622,8.3,150,80,33
2026-03-15,ENT005,inventory_risk,139,168,8935,4.7,46,92,35
2026-03-15,ENT006,event_completeness,130,125,2903,5.51,189,84,35
2026-03-15,ENT007,roas,146,162,1245,3.78,20,91,37
2026-03-15,ENT008,roas,155,147,1914,12.72,84,68,74
2026-03-15,ENT009,conversion_rate,192,152,5396,8.78,105,78,48
2026-03-15,ENT010,event_completeness,151,156,6577,2.19,164,95,17
2026-03-15,ENT011,conversion_rate,238,290,2768,14.19,169,64,70
2026-03-15,ENT012,gross_margin,141,128,8991,12.76,151,64,60
2026-03-15,ENT013,inventory_risk,156,154,220,1.87,222,95,9
2026-03-15,ENT014,event_completeness,171,217,3599,4.41,207,89,27
2026-03-15,ENT015,inventory_risk,170,134,1659,3.58,93,95,39
2026-03-15,ENT016,conversion_rate,108,109,3352,11.87,145,65,73
2026-03-15,ENT017,roas,225,275,6365,7.61,13,81,43
2026-03-15,ENT018,conversion_rate,86,103,2363,12.1,17,68,77
2026-03-15,ENT019,repeat_purchase,216,255,7322,8.27,55,83,42
2026-03-15,ENT020,event_completeness,88,106,988,12.92,236,63,66
2026-03-15,ENT021,gross_margin,217,258,7382,3.52,40,94,15
2026-03-15,ENT022,event_completeness,174,160,4156,11.55,119,73,67
2026-03-15,ENT023,event_completeness,277,346,8674,5.48,119,84,37
2026-03-15,ENT024,inventory_risk,280,241,1859,5.17,55,89,52
2026-03-16,ENT001,roas,223,192,2013,12.02,214,68,72
2026-03-16,ENT002,inventory_risk,231,245,3156,14.48,47,60,87
2026-03-16,ENT003,event_completeness,99,71,903,4.31,153,92,25
2026-03-16,ENT004,gross_margin,186,199,7740,3.27,62,91,26
2026-03-16,ENT005,inventory_risk,179,195,4191,9.41,20,78,57
2026-03-16,ENT006,gross_margin,220,260,4271,5.97,164,88,46
2026-03-16,ENT007,inventory_risk,125,159,3309,6.78,59,80,59
2026-03-16,ENT008,conversion_rate,120,149,4377,8.24,182,79,67
2026-03-16,ENT009,roas,74,56,7364,3.89,116,89,17
2026-03-16,ENT010,conversion_rate,265,215,5304,9.51,68,76,37
2026-03-16,ENT011,event_completeness,216,203,5785,7.77,226,81,37
2026-03-16,ENT012,conversion_rate,128,100,6086,7.52,27,80,43
2026-03-16,ENT013,roas,171,215,2329,9.55,53,79,71
2026-03-16,ENT014,event_completeness,227,275,5868,8.96,185,75,65
2026-03-16,ENT015,conversion_rate,71,62,4493,8.06,162,81,61
2026-03-16,ENT016,event_completeness,206,165,2238,13.93,40,59,77
2026-03-16,ENT017,inventory_risk,145,138,3997,7.37,96,84,40
2026-03-16,ENT018,conversion_rate,133,109,7389,13.59,178,65,73
2026-03-16,ENT019,repeat_purchase,91,73,1871,14.34,94,58,74
2026-03-16,ENT020,repeat_purchase,87,111,1853,13.67,127,61,85
2026-03-16,ENT021,event_completeness,159,200,6788,10.21,87,77,67
2026-03-16,ENT022,roas,171,154,4183,6.05,81,88,51
2026-03-16,ENT023,event_completeness,93,72,6625,13.15,49,62,62
2026-03-16,ENT024,gross_margin,95,105,6845,5.33,112,85,49
2026-03-17,ENT001,repeat_purchase,217,239,2476,10.83,129,73,71
2026-03-17,ENT002,repeat_purchase,266,274,1300,7.39,75,78,58
2026-03-17,ENT003,roas,161,179,6975,9.96,90,76,55
2026-03-17,ENT004,conversion_rate,77,66,3098,12.92,192,68,63
2026-03-17,ENT005,event_completeness,165,132,6947,7.88,128,83,59
2026-03-17,ENT006,gross_margin,77,62,5601,12.04,34,67,73
2026-03-17,ENT007,event_completeness,226,165,6333,3.11,82,94,14
2026-03-17,ENT008,gross_margin,258,284,5070,7.81,26,79,61
2026-03-17,ENT009,roas,121,119,6679,5.91,22,88,55
2026-03-17,ENT010,gross_margin,73,69,7918,13.83,201,59,66
2026-03-17,ENT011,conversion_rate,272,302,5462,9.84,149,78,72
2026-03-17,ENT012,roas,167,125,2269,12.77,104,68,81
2026-03-17,ENT013,conversion_rate,261,224,3340,2.34,238,99,12
2026-03-17,ENT014,inventory_risk,241,260,896,5.97,58,88,42
2026-03-17,ENT015,inventory_risk,128,154,2477,14.27,222,65,85
2026-03-17,ENT016,conversion_rate,143,139,3857,10.96,151,74,55
2026-03-17,ENT017,roas,172,184,4872,13.49,94,62,66
2026-03-17,ENT018,conversion_rate,91,73,5752,7.07,141,82,60
2026-03-17,ENT019,event_completeness,107,83,1765,6.41,34,88,26
2026-03-17,ENT020,repeat_purchase,261,318,2965,10.94,35,71,64
2026-03-17,ENT021,roas,146,126,7648,9.58,82,75,41
2026-03-17,ENT022,event_completeness,154,136,914,9.13,222,77,70
2026-03-17,ENT023,inventory_risk,154,163,5066,8.19,35,75,37
2026-03-17,ENT024,gross_margin,114,116,3457,7.64,229,77,35
2026-03-18,ENT001,repeat_purchase,97,85,5391,5.7,38,83,57
2026-03-18,ENT002,inventory_risk,267,254,2302,3.53,220,97,38
2026-03-18,ENT003,gross_margin,266,200,2549,8.38,22,80,66
2026-03-18,ENT004,conversion_rate,105,102,2091,8.4,210,77,64
2026-03-18,ENT005,repeat_purchase,216,205,7020,9.86,63,74,47
2026-03-18,ENT006,repeat_purchase,218,266,890,7.05,197,86,48
2026-03-18,ENT007,conversion_rate,70,75,8497,1.69,53,99,31
2026-03-18,ENT008,roas,157,182,6354,6.95,59,83,30
2026-03-18,ENT009,inventory_risk,103,121,963,9.94,58,78,39
2026-03-18,ENT010,roas,172,134,7300,9.86,137,77,45
2026-03-18,ENT011,event_completeness,109,140,7786,1.7,217,99,11
2026-03-18,ENT012,roas,143,159,7707,9.39,229,72,51
2026-03-18,ENT013,repeat_purchase,277,230,8680,12.7,187,69,62
2026-03-18,ENT014,gross_margin,245,238,7209,1.53,167,95,24
2026-03-18,ENT015,repeat_purchase,125,119,481,1.86,181,95,39
2026-03-18,ENT016,inventory_risk,99,88,8340,8.24,180,76,55
2026-03-18,ENT017,roas,238,276,4384,4.82,188,86,54
2026-03-18,ENT018,conversion_rate,74,67,5944,10,106,75,68
2026-03-18,ENT019,repeat_purchase,129,135,1840,1.55,99,99,20
2026-03-18,ENT020,gross_margin,227,266,3339,8.38,204,81,32
2026-03-18,ENT021,roas,188,171,4239,4.86,61,92,35
2026-03-18,ENT022,repeat_purchase,102,86,1726,10.61,145,72,71
2026-03-18,ENT023,inventory_risk,191,222,6635,6.01,155,85,59
2026-03-18,ENT024,roas,248,233,7438,14.11,51,65,61
2026-03-19,ENT001,inventory_risk,172,132,3920,11.25,64,73,61
2026-03-19,ENT002,repeat_purchase,80,82,3506,4.1,166,95,30
2026-03-19,ENT003,event_completeness,223,256,6987,13.38,113,65,79
2026-03-19,ENT004,gross_margin,263,229,1505,3.1,76,95,45
2026-03-19,ENT005,repeat_purchase,76,90,5377,2.33,32,99,10
2026-03-19,ENT006,gross_margin,138,156,4207,3.58,199,91,16
2026-03-19,ENT007,inventory_risk,194,227,1289,1.7,223,95,28
2026-03-19,ENT008,repeat_purchase,107,116,3900,4.42,96,89,38
2026-03-19,ENT009,gross_margin,275,327,7908,14.34,61,64,73
2026-03-19,ENT010,event_completeness,138,123,7484,8.57,189,78,42
2026-03-19,ENT011,gross_margin,130,144,3129,6.9,82,86,39
2026-03-19,ENT012,inventory_risk,211,241,8033,7.53,72,85,50
2026-03-19,ENT013,conversion_rate,124,153,8166,11.39,50,66,69
2026-03-19,ENT014,event_completeness,111,127,966,4.97,229,86,53
2026-03-19,ENT015,roas,115,131,5603,5.77,232,84,45
2026-03-19,ENT016,repeat_purchase,93,113,209,14.27,114,64,89
2026-03-19,ENT017,roas,112,103,154,2.49,157,99,15
2026-03-19,ENT018,roas,248,258,850,4.08,102,93,31
2026-03-19,ENT019,conversion_rate,73,85,8080,7.04,109,83,56
2026-03-19,ENT020,gross_margin,84,72,4221,12.89,20,66,75
2026-03-19,ENT021,gross_margin,137,103,1988,2.54,119,92,43
2026-03-19,ENT022,conversion_rate,263,231,7308,3.59,191,93,28
2026-03-19,ENT023,roas,202,166,7283,12.29,90,68,56
2026-03-19,ENT024,conversion_rate,247,200,1077,4.02,191,91,30
2026-03-20,ENT001,event_completeness,158,141,2375,6.33,157,84,28
2026-03-20,ENT002,gross_margin,248,243,4483,13.56,116,66,80
2026-03-20,ENT003,repeat_purchase,112,127,6205,3,130,94,41
2026-03-20,ENT004,gross_margin,166,206,356,13.67,32,64,55
2026-03-20,ENT005,roas,189,242,5214,1.54,73,97,7
2026-03-20,ENT006,event_completeness,245,262,5089,4.46,97,93,43
2026-03-20,ENT007,event_completeness,114,138,5190,5.57,214,90,45
2026-03-20,ENT008,inventory_risk,233,280,4528,2.25,237,94,32
2026-03-20,ENT009,inventory_risk,85,85,2836,7.74,154,80,59
2026-03-20,ENT010,roas,246,226,5814,11.15,45,72,79
2026-03-20,ENT011,repeat_purchase,146,143,1936,13.24,135,65,70
2026-03-20,ENT012,gross_margin,146,127,8956,7.58,49,79,60
2026-03-20,ENT013,event_completeness,192,217,2765,11.39,34,74,55
2026-03-20,ENT014,conversion_rate,192,165,5155,2.88,17,99,23
2026-03-20,ENT015,roas,205,250,412,12.18,170,65,76
2026-03-20,ENT016,event_completeness,198,200,1893,1.84,224,97,21
2026-03-20,ENT017,inventory_risk,264,203,955,4.85,65,91,28
2026-03-20,ENT018,inventory_risk,189,234,3422,13.28,215,68,60
2026-03-20,ENT019,gross_margin,128,100,1939,7.44,173,79,62
2026-03-20,ENT020,roas,201,253,167,8.61,70,80,50
2026-03-20,ENT021,repeat_purchase,113,113,8553,12.36,176,65,61
2026-03-20,ENT022,event_completeness,78,98,2739,10.39,77,69,46
2026-03-20,ENT023,event_completeness,241,248,5189,9.95,32,78,46
2026-03-20,ENT024,roas,131,168,4576,11.87,179,70,70
2026-03-21,ENT001,inventory_risk,256,243,7297,12.05,98,65,76
2026-03-21,ENT002,conversion_rate,77,57,7038,13.61,98,59,87
2026-03-21,ENT003,repeat_purchase,66,53,6187,10.55,122,74,66
2026-03-21,ENT004,event_completeness,129,164,8809,7.99,150,84,54
2026-03-21,ENT005,roas,189,217,3038,13.96,51,66,84
2026-03-21,ENT006,roas,143,164,4227,2.77,234,93,38
2026-03-21,ENT007,gross_margin,257,236,7228,5.95,164,87,32
2026-03-21,ENT008,inventory_risk,70,64,8369,5.71,185,90,46
2026-03-21,ENT009,event_completeness,110,84,7899,7.98,58,84,53
2026-03-21,ENT010,repeat_purchase,179,211,1862,9.06,133,74,52
2026-03-21,ENT011,event_completeness,235,195,7963,11.77,143,70,67
2026-03-21,ENT012,event_completeness,211,211,568,13.18,174,68,61
2026-03-21,ENT013,event_completeness,277,244,4593,2.93,175,95,10
2026-03-21,ENT014,conversion_rate,254,312,394,11.08,44,67,70
2026-03-21,ENT015,event_completeness,124,99,5390,10.51,72,76,49
2026-03-21,ENT016,conversion_rate,111,137,2374,11.95,155,66,55
2026-03-21,ENT017,repeat_purchase,142,178,8867,13.51,35,63,76
2026-03-21,ENT018,roas,172,193,2084,12.79,133,63,80
2026-03-21,ENT019,roas,105,89,2782,3.55,227,91,35
2026-03-21,ENT020,gross_margin,140,179,5803,8.93,83,80,52
2026-03-21,ENT021,inventory_risk,75,56,7059,8.31,214,76,36
2026-03-21,ENT022,inventory_risk,116,144,2085,4.59,32,89,29
2026-03-21,ENT023,conversion_rate,199,249,762,11.18,232,68,74
2026-03-21,ENT024,repeat_purchase,187,161,4685,10.45,59,75,68
2026-03-22,ENT001,repeat_purchase,75,59,698,13.79,179,60,80
2026-03-22,ENT002,event_completeness,219,197,6284,2.22,198,99,11
2026-03-22,ENT003,inventory_risk,273,254,6227,7.57,197,81,63
2026-03-22,ENT004,conversion_rate,90,73,3580,9.21,104,74,63
2026-03-22,ENT005,conversion_rate,196,169,6507,10.33,115,75,62
2026-03-22,ENT006,gross_margin,132,139,4536,7.85,97,78,45
2026-03-22,ENT007,conversion_rate,247,188,5584,11.79,37,69,76
2026-03-22,ENT008,event_completeness,69,59,8863,10.31,153,73,60
2026-03-22,ENT009,conversion_rate,120,154,2878,10.19,238,71,75
2026-03-22,ENT010,repeat_purchase,103,105,6352,10.01,26,74,64
2026-03-22,ENT011,roas,102,79,433,9.8,155,77,43
2026-03-22,ENT012,inventory_risk,75,95,1958,5.24,63,90,41
2026-03-22,ENT013,inventory_risk,230,221,1238,5.51,112,86,39
2026-03-22,ENT014,event_completeness,114,140,5211,9.65,196,78,67
2026-03-22,ENT015,event_completeness,87,65,7564,6.42,76,85,39
2026-03-22,ENT016,roas,227,277,1782,10.88,64,68,72
2026-03-22,ENT017,roas,107,86,1444,7.35,17,82,61
2026-03-22,ENT018,gross_margin,95,96,5328,7.08,56,81,31
2026-03-22,ENT019,roas,82,61,5442,12.41,38,63,85
2026-03-22,ENT020,roas,162,170,2304,4.5,74,89,21
2026-03-22,ENT021,conversion_rate,250,220,704,6.62,39,82,53
2026-03-22,ENT022,event_completeness,143,114,3806,2.03,112,99,39
2026-03-22,ENT023,event_completeness,236,262,5562,5.39,84,85,56
2026-03-22,ENT024,gross_margin,112,118,8224,1.76,160,99,6
2026-03-23,ENT001,conversion_rate,139,135,2501,13.15,65,65,62
2026-03-23,ENT002,inventory_risk,87,94,8483,6.59,103,81,35
2026-03-23,ENT003,conversion_rate,113,90,7850,7.87,63,77,46
2026-03-23,ENT004,inventory_risk,258,255,8215,4.72,78,88,30
2026-03-23,ENT005,inventory_risk,170,199,7667,3.65,17,96,35
2026-03-23,ENT006,repeat_purchase,138,163,2246,6.27,144,89,28
2026-03-23,ENT007,event_completeness,191,141,666,9.26,82,75,41
2026-03-23,ENT008,inventory_risk,85,104,1682,1.82,185,97,8
2026-03-23,ENT009,repeat_purchase,154,112,5466,12.72,74,69,82
2026-03-23,ENT010,gross_margin,240,247,5476,11.96,37,71,53
2026-03-23,ENT011,inventory_risk,148,152,5400,4.86,52,86,45
2026-03-23,ENT012,roas,106,100,7680,6.88,73,80,51
2026-03-23,ENT013,roas,171,147,357,2.86,221,99,38
2026-03-23,ENT014,gross_margin,73,81,4685,7.92,190,79,37
2026-03-23,ENT015,inventory_risk,147,138,5115,8.86,146,78,61
2026-03-23,ENT016,repeat_purchase,135,144,2478,7.14,165,79,61
2026-03-23,ENT017,event_completeness,146,121,3066,7.46,20,82,33
2026-03-23,ENT018,gross_margin,125,101,6038,3.85,13,93,23
2026-03-23,ENT019,event_completeness,194,219,6985,2.33,110,97,23
2026-03-23,ENT020,repeat_purchase,152,129,8755,2.2,115,96,37
2026-03-23,ENT021,conversion_rate,274,208,3836,13.78,202,63,60
2026-03-23,ENT022,repeat_purchase,189,221,8590,8.78,205,74,70
2026-03-23,ENT023,event_completeness,137,122,6618,11.26,181,68,79
2026-03-23,ENT024,repeat_purchase,86,104,6404,4.08,183,92,46
2026-03-24,ENT001,event_completeness,163,173,8097,1.99,165,99,14
2026-03-24,ENT002,repeat_purchase,225,234,4289,5.17,15,90,22
2026-03-24,ENT003,event_completeness,96,86,5891,2.49,171,93,19
2026-03-24,ENT004,event_completeness,247,210,3889,11.17,88,68,72
2026-03-24,ENT005,conversion_rate,123,90,795,10.14,21,70,61
2026-03-24,ENT006,roas,139,131,4735,13.87,203,65,83
2026-03-24,ENT007,repeat_purchase,248,255,4034,13.78,151,60,62
2026-03-24,ENT008,roas,248,312,2565,8.25,153,82,48
2026-03-24,ENT009,roas,90,70,8825,4.19,144,90,17
2026-03-24,ENT010,gross_margin,218,183,5499,3.1,83,99,28
2026-03-24,ENT011,repeat_purchase,184,160,6549,10.77,226,73,50
2026-03-24,ENT012,inventory_risk,82,97,5599,5.51,162,90,38
2026-03-24,ENT013,repeat_purchase,275,212,2916,7.97,27,82,45
2026-03-24,ENT014,repeat_purchase,270,343,3964,5.49,25,86,27
2026-03-24,ENT015,conversion_rate,194,163,7371,3.99,76,92,49
2026-03-24,ENT016,repeat_purchase,123,122,132,12.5,45,65,70
2026-03-24,ENT017,repeat_purchase,83,97,4667,12.21,106,67,62
2026-03-24,ENT018,event_completeness,267,299,8247,14.05,90,60,81
2026-03-24,ENT019,roas,196,220,6705,9.86,96,75,60
2026-03-24,ENT020,event_completeness,263,295,1873,12.19,107,69,69
2026-03-24,ENT021,conversion_rate,267,270,6270,13.53,168,64,66
2026-03-24,ENT022,gross_margin,128,118,1514,8.18,26,81,55
2026-03-24,ENT023,inventory_risk,167,174,2109,11.71,32,69,57
2026-03-24,ENT024,gross_margin,129,111,1587,12.93,114,67,54
2026-03-25,ENT001,event_completeness,134,101,6188,14.42,28,64,76
2026-03-25,ENT002,event_completeness,155,194,4425,5.67,188,90,51
2026-03-25,ENT003,repeat_purchase,140,109,6333,11.73,115,66,79
2026-03-25,ENT004,event_completeness,158,191,768,9.45,206,76,60
2026-03-25,ENT005,gross_margin,120,138,238,10.31,221,72,44
2026-03-25,ENT006,conversion_rate,168,168,3770,10.72,162,70,59
2026-03-25,ENT007,roas,203,164,2717,5.02,153,92,25
2026-03-25,ENT008,event_completeness,91,84,2724,8.89,215,79,46
2026-03-25,ENT009,inventory_risk,76,76,8346,2.47,172,98,40
2026-03-25,ENT010,event_completeness,152,116,5992,13.9,136,66,80
2026-03-25,ENT011,inventory_risk,75,59,7635,5.56,215,85,50
2026-03-25,ENT012,inventory_risk,264,264,3652,4.77,117,88,38
2026-03-25,ENT013,inventory_risk,123,129,3192,11.08,22,71,70
2026-03-25,ENT014,repeat_purchase,256,287,1506,5.17,217,88,41
2026-03-25,ENT015,roas,174,204,8053,7.23,174,81,33
2026-03-25,ENT016,repeat_purchase,103,81,1565,2.99,34,95,43
2026-03-25,ENT017,conversion_rate,225,281,8327,10.22,172,72,48
2026-03-25,ENT018,gross_margin,150,149,378,12.89,201,64,55
2026-03-25,ENT019,gross_margin,116,125,6126,9.8,161,76,52
2026-03-25,ENT020,inventory_risk,272,201,5203,8.86,236,75,53
2026-03-25,ENT021,gross_margin,188,237,8973,5.85,145,86,46
2026-03-25,ENT022,gross_margin,98,98,5568,12.8,33,62,76
2026-03-25,ENT023,gross_margin,220,224,1366,5.92,114,82,49
2026-03-25,ENT024,inventory_risk,98,77,7282,14.07,224,62,76
2026-03-26,ENT001,conversion_rate,91,94,5546,9.82,177,73,52
2026-03-26,ENT002,gross_margin,97,114,4004,6.05,27,89,23
2026-03-26,ENT003,repeat_purchase,217,265,8471,7.15,229,83,59
2026-03-26,ENT004,inventory_risk,143,120,2328,9.71,105,77,68
2026-03-26,ENT005,roas,67,54,4733,13.88,83,66,66
2026-03-26,ENT006,inventory_risk,96,102,2270,6.16,192,82,36
2026-03-26,ENT007,event_completeness,108,118,3815,4.91,51,87,46
2026-03-26,ENT008,event_completeness,278,228,4519,12.25,129,64,63
2026-03-26,ENT009,gross_margin,96,105,1652,2.65,164,97,28
2026-03-26,ENT010,conversion_rate,207,263,8760,13.06,224,68,83
2026-03-26,ENT011,gross_margin,169,149,5722,9.55,69,76,67
2026-03-26,ENT012,conversion_rate,106,133,3085,11.55,237,71,57
2026-03-26,ENT013,roas,211,222,6613,5.67,70,84,46
2026-03-26,ENT014,conversion_rate,277,211,6919,13.05,195,61,74
2026-03-26,ENT015,inventory_risk,86,96,3109,11.27,119,69,62
2026-03-26,ENT016,inventory_risk,254,239,6908,9.86,60,73,58
2026-03-26,ENT017,gross_margin,74,90,518,6.34,167,84,33
2026-03-26,ENT018,event_completeness,104,80,8765,4.83,93,90,30
2026-03-26,ENT019,conversion_rate,248,243,83,6.19,70,83,57
2026-03-26,ENT020,conversion_rate,226,221,8841,8.84,60,74,65
2026-03-26,ENT021,event_completeness,264,195,6223,6.98,169,80,52
2026-03-26,ENT022,inventory_risk,78,63,1368,12.49,53,64,73
2026-03-26,ENT023,conversion_rate,241,241,7026,9.32,51,76,44
2026-03-26,ENT024,inventory_risk,120,92,3551,9.53,159,74,60
2026-03-27,ENT001,event_completeness,126,96,8254,2.79,49,99,12
2026-03-27,ENT002,roas,111,113,370,7.51,130,84,34
2026-03-27,ENT003,conversion_rate,138,128,4909,2.54,224,96,16
2026-03-27,ENT004,event_completeness,196,167,5354,12.33,199,71,66
2026-03-27,ENT005,inventory_risk,138,138,6327,7.83,42,80,54
2026-03-27,ENT006,conversion_rate,278,261,5384,12.78,66,66,86
2026-03-27,ENT007,event_completeness,70,54,7737,12.63,97,66,71
2026-03-27,ENT008,roas,238,283,3621,4.09,167,90,32
2026-03-27,ENT009,repeat_purchase,190,175,6433,3.11,186,91,18
2026-03-27,ENT010,conversion_rate,174,221,8915,11.54,206,68,64
2026-03-27,ENT011,repeat_purchase,223,183,104,7.27,123,83,60
2026-03-27,ENT012,roas,191,237,7372,9.99,196,77,65
2026-03-27,ENT013,repeat_purchase,230,189,2994,14.48,95,64,65
2026-03-27,ENT014,conversion_rate,205,209,5281,12.45,130,63,64
2026-03-27,ENT015,roas,197,223,8558,12.02,104,71,64
2026-03-27,ENT016,conversion_rate,166,163,681,2.65,111,99,10
2026-03-27,ENT017,roas,262,199,5624,8.7,99,77,51
2026-03-27,ENT018,conversion_rate,79,70,8450,10.57,20,71,65
2026-03-27,ENT019,event_completeness,79,71,3480,6.34,101,82,45
2026-03-27,ENT020,event_completeness,224,226,5112,6.04,108,87,32
2026-03-27,ENT021,event_completeness,131,138,3447,10.42,105,73,47
2026-03-27,ENT022,conversion_rate,101,106,7444,13.31,203,68,76
2026-03-27,ENT023,roas,228,166,6121,1.57,207,96,8
2026-03-27,ENT024,conversion_rate,160,122,8363,4.56,75,94,39
2026-03-28,ENT001,repeat_purchase,172,205,782,11.18,51,69,64
2026-03-28,ENT002,inventory_risk,95,103,2015,1.51,13,98,13
2026-03-28,ENT003,conversion_rate,198,192,8323,1.95,92,98,37
2026-03-28,ENT004,conversion_rate,148,123,8862,7.97,46,77,65
2026-03-28,ENT005,repeat_purchase,129,125,8217,8.42,135,79,53
2026-03-28,ENT006,repeat_purchase,263,310,2649,7.39,69,85,35
2026-03-28,ENT007,gross_margin,248,278,8202,4.6,141,94,40
2026-03-28,ENT008,conversion_rate,98,123,6850,12.43,200,68,80
2026-03-28,ENT009,conversion_rate,236,238,6933,5.46,131,84,26
2026-03-28,ENT010,gross_margin,113,107,3801,10.54,225,75,44
2026-03-28,ENT011,conversion_rate,263,260,1225,12.54,87,69,82
2026-03-28,ENT012,event_completeness,83,80,4380,13.5,180,64,85
2026-03-28,ENT013,conversion_rate,138,156,2224,11.49,75,69,73
2026-03-28,ENT014,conversion_rate,179,206,1740,2.97,25,95,27
2026-03-28,ENT015,conversion_rate,185,226,6972,8.67,152,79,68
2026-03-28,ENT016,inventory_risk,128,143,5315,6.11,229,84,41
2026-03-28,ENT017,roas,181,154,5655,2.64,33,94,12
2026-03-28,ENT018,roas,82,70,3467,2.07,71,99,19
2026-03-28,ENT019,repeat_purchase,228,244,6692,7.8,134,80,64
2026-03-28,ENT020,repeat_purchase,205,254,6413,10.6,52,72,63
2026-03-28,ENT021,inventory_risk,124,138,8301,12.89,104,69,60
2026-03-28,ENT022,repeat_purchase,254,208,8873,11.61,198,65,51
2026-03-28,ENT023,gross_margin,233,280,5748,4.61,91,89,46
2026-03-28,ENT024,repeat_purchase,237,194,6240,7.7,187,81,47
2026-03-29,ENT001,event_completeness,213,192,7513,4.13,190,94,35
2026-03-29,ENT002,roas,215,275,1823,8.76,161,79,46
2026-03-29,ENT003,conversion_rate,100,88,6856,12.68,112,65,65
2026-03-29,ENT004,roas,97,104,5178,3.51,174,95,36
2026-03-29,ENT005,gross_margin,107,126,6909,9.13,226,74,70
2026-03-29,ENT006,inventory_risk,83,63,3673,9.08,88,78,39
2026-03-29,ENT007,inventory_risk,212,167,1161,12.49,91,68,60
2026-03-29,ENT008,roas,251,238,5418,3.55,159,90,19
2026-03-29,ENT009,gross_margin,166,158,7463,1.55,179,99,10
2026-03-29,ENT010,repeat_purchase,138,164,1910,1.52,25,99,29
2026-03-29,ENT011,repeat_purchase,154,120,3921,3.39,181,96,13
2026-03-29,ENT012,repeat_purchase,257,290,2044,12.7,203,70,52
2026-03-29,ENT013,event_completeness,162,193,7499,12.96,48,63,82
2026-03-29,ENT014,gross_margin,179,202,3675,13.43,164,67,77
2026-03-29,ENT015,inventory_risk,209,209,988,3.63,114,93,44
2026-03-29,ENT016,repeat_purchase,265,305,871,9.26,58,73,40
2026-03-29,ENT017,gross_margin,140,129,2693,2.79,91,99,24
2026-03-29,ENT018,repeat_purchase,172,141,8998,6.53,159,81,33
2026-03-29,ENT019,repeat_purchase,75,57,2322,11.36,106,68,79
2026-03-29,ENT020,event_completeness,160,179,608,9.91,79,76,72
2026-03-29,ENT021,repeat_purchase,202,230,3913,14.39,145,63,67
2026-03-29,ENT022,repeat_purchase,245,267,1884,6.95,39,83,41
2026-03-29,ENT023,conversion_rate,150,113,6319,4.61,181,92,22
2026-03-29,ENT024,inventory_risk,210,246,1773,4.7,82,86,53
2026-03-30,ENT001,inventory_risk,75,65,1538,5.98,75,86,38
2026-03-30,ENT002,roas,264,285,3827,14.2,205,60,92
2026-03-30,ENT003,gross_margin,246,216,8722,6.29,163,83,36
2026-03-30,ENT004,conversion_rate,198,172,6697,9.1,29,75,61
2026-03-30,ENT005,roas,192,219,1141,6.68,238,84,55
2026-03-30,ENT006,repeat_purchase,256,271,2455,14.18,68,63,87
2026-03-30,ENT007,repeat_purchase,230,175,2632,6.23,140,89,57
2026-03-30,ENT008,repeat_purchase,74,69,1685,11.96,30,68,81
2026-03-30,ENT009,gross_margin,180,180,5645,12.51,108,66,58
2026-03-30,ENT010,repeat_purchase,199,155,5047,5.19,91,88,33
2026-03-30,ENT011,event_completeness,243,207,5256,13.13,229,61,77
2026-03-30,ENT012,repeat_purchase,167,154,1610,1.51,109,99,39
2026-03-30,ENT013,event_completeness,154,143,6406,12.35,105,67,59
2026-03-30,ENT014,gross_margin,237,254,2854,10.91,206,72,47
2026-03-30,ENT015,conversion_rate,268,206,4396,2.59,125,97,27
2026-03-30,ENT016,roas,112,113,5320,4.39,213,88,27
2026-03-30,ENT017,conversion_rate,71,78,1051,14,224,65,68
2026-03-30,ENT018,event_completeness,247,279,6778,2.42,29,99,8
2026-03-30,ENT019,inventory_risk,129,132,3046,8.08,238,79,57
2026-03-30,ENT020,roas,137,111,4553,7.61,203,79,55
2026-03-30,ENT021,repeat_purchase,162,146,2398,5.15,36,91,44
2026-03-30,ENT022,conversion_rate,270,340,2775,2.18,239,99,20
2026-03-30,ENT023,inventory_risk,137,170,1551,3.98,99,92,20
2026-03-30,ENT024,event_completeness,204,214,1781,10.59,89,71,58
2026-03-31,ENT001,roas,66,72,2781,5.35,57,86,38
2026-03-31,ENT002,gross_margin,84,103,5370,6.05,60,90,47
2026-03-31,ENT003,gross_margin,231,187,6527,9.57,182,74,56
2026-03-31,ENT004,event_completeness,227,184,1285,12.13,25,70,47
2026-03-31,ENT005,roas,127,133,800,14.08,151,59,76
2026-03-31,ENT006,repeat_purchase,275,220,4143,9.28,235,73,41
2026-03-31,ENT007,repeat_purchase,193,207,4104,11,82,72,59
2026-03-31,ENT008,event_completeness,68,56,241,10.42,84,71,51
2026-03-31,ENT009,event_completeness,102,104,1331,10.69,212,70,62
2026-03-31,ENT010,inventory_risk,88,77,8324,6.5,54,81,49
2026-03-31,ENT011,event_completeness,74,64,4523,13.32,109,67,64
2026-03-31,ENT012,inventory_risk,183,135,6553,3.05,28,96,22
2026-03-31,ENT013,event_completeness,233,221,6602,6.42,170,83,31
2026-03-31,ENT014,inventory_risk,224,276,2194,4.75,95,90,52
2026-03-31,ENT015,conversion_rate,200,196,6456,14.46,151,60,71
2026-03-31,ENT016,event_completeness,120,94,3181,12.99,224,65,80
2026-03-31,ENT017,roas,175,193,7269,5.4,211,89,45
2026-03-31,ENT018,inventory_risk,259,287,7529,10.44,167,70,45
2026-03-31,ENT019,roas,94,80,5928,5.25,125,89,42
2026-03-31,ENT020,gross_margin,234,269,1655,10.6,41,72,55
2026-03-31,ENT021,gross_margin,70,62,265,4.65,99,87,36
2026-03-31,ENT022,event_completeness,146,130,3313,3.38,228,93,15
2026-03-31,ENT023,roas,194,142,5234,8.42,211,79,68
2026-03-31,ENT024,roas,186,179,6396,4.64,137,94,26
2026-04-01,ENT001,roas,116,129,6631,7.11,86,84,44
2026-04-01,ENT002,repeat_purchase,220,205,6025,1.77,154,99,25
2026-04-01,ENT003,conversion_rate,136,158,4025,13.58,163,61,63
2026-04-01,ENT004,inventory_risk,231,236,5798,3.25,176,94,47
2026-04-01,ENT005,event_completeness,140,174,162,8.56,228,81,54
2026-04-01,ENT006,inventory_risk,120,126,7195,10.2,193,71,60
2026-04-01,ENT007,event_completeness,260,195,8218,3.22,225,95,37
2026-04-01,ENT008,repeat_purchase,145,145,7907,13.97,193,64,66
2026-04-01,ENT009,gross_margin,241,236,5523,10.71,157,73,60
2026-04-01,ENT010,conversion_rate,79,85,163,6.66,57,82,30
2026-04-01,ENT011,inventory_risk,101,120,3248,4.74,215,90,53
2026-04-01,ENT012,inventory_risk,82,96,4740,4.73,145,90,31
2026-04-01,ENT013,roas,144,130,133,8.14,221,77,60
2026-04-01,ENT014,inventory_risk,66,57,6845,7.52,59,84,57
2026-04-01,ENT015,inventory_risk,112,121,7577,12.42,213,69,56
2026-04-01,ENT016,event_completeness,145,177,7967,7.84,133,79,53
2026-04-01,ENT017,event_completeness,275,209,3362,14.33,117,59,85
2026-04-01,ENT018,inventory_risk,213,175,6364,2.54,202,99,31
2026-04-01,ENT019,inventory_risk,156,159,1341,13.43,102,67,63
2026-04-01,ENT020,conversion_rate,175,152,4308,3.02,177,93,44
2026-04-01,ENT021,repeat_purchase,261,295,5170,9.65,27,77,58
2026-04-01,ENT022,event_completeness,173,137,6418,6.86,180,80,54
2026-04-01,ENT023,inventory_risk,158,122,6629,13.84,24,61,65
2026-04-01,ENT024,roas,174,169,138,8.36,213,75,45
2026-04-02,ENT001,event_completeness,212,259,1793,6.36,169,83,38
2026-04-02,ENT002,inventory_risk,193,232,7596,9.05,60,77,59
2026-04-02,ENT003,conversion_rate,94,86,7199,12.6,156,67,73
2026-04-02,ENT004,roas,95,117,3641,2.34,97,97,17
2026-04-02,ENT005,roas,82,88,4654,9.6,107,76,69
2026-04-02,ENT006,inventory_risk,253,205,3379,10.03,56,75,47
2026-04-02,ENT007,conversion_rate,217,267,2003,1.56,20,99,7
2026-04-02,ENT008,repeat_purchase,271,228,6974,1.86,60,99,26
2026-04-02,ENT009,conversion_rate,98,100,4693,4.42,121,94,44
2026-04-02,ENT010,gross_margin,71,84,6900,10.13,71,77,62
2026-04-02,ENT011,roas,190,234,5184,4.45,84,91,44
2026-04-02,ENT012,event_completeness,124,153,4105,10.18,20,70,54
2026-04-02,ENT013,inventory_risk,112,127,8037,7.75,68,84,54
2026-04-02,ENT014,conversion_rate,171,185,6343,9.05,156,78,52
2026-04-02,ENT015,inventory_risk,163,204,1478,11.89,163,67,82
2026-04-02,ENT016,event_completeness,100,103,8656,3.97,43,89,17
2026-04-02,ENT017,event_completeness,250,298,329,3.41,64,95,41
2026-04-02,ENT018,inventory_risk,170,167,626,5.92,49,86,41
2026-04-02,ENT019,conversion_rate,128,104,8652,7.41,105,81,52
2026-04-02,ENT020,gross_margin,167,187,379,11.26,113,69,57
2026-04-02,ENT021,conversion_rate,264,195,240,7.12,29,81,41
2026-04-02,ENT022,event_completeness,278,217,8316,12.23,93,64,84
2026-04-02,ENT023,inventory_risk,135,112,6143,6.42,18,86,47
2026-04-02,ENT024,repeat_purchase,241,176,5438,7.52,132,84,42
2026-04-03,ENT001,repeat_purchase,178,223,5956,14.46,144,64,68
2026-04-03,ENT002,gross_margin,223,214,5195,12.86,92,62,65
2026-04-03,ENT003,conversion_rate,77,66,6425,4.2,40,93,36
2026-04-03,ENT004,inventory_risk,186,140,7210,6.56,147,86,47
2026-04-03,ENT005,event_completeness,73,85,4094,13.94,167,62,72
2026-04-03,ENT006,gross_margin,116,103,4533,5.09,223,85,38
2026-04-03,ENT007,roas,116,148,1478,1.95,117,96,41
2026-04-03,ENT008,event_completeness,249,242,8722,8.62,126,80,60
2026-04-03,ENT009,repeat_purchase,89,75,5382,12.95,113,67,67
2026-04-03,ENT010,conversion_rate,229,243,3576,11.6,127,66,66
2026-04-03,ENT011,repeat_purchase,258,279,7397,6.75,222,85,28
2026-04-03,ENT012,roas,194,233,5895,13.31,179,67,84
2026-04-03,ENT013,inventory_risk,206,200,8981,11.75,31,68,74
2026-04-03,ENT014,roas,142,122,1378,2.44,45,99,39
2026-04-03,ENT015,gross_margin,137,166,1949,5.56,137,87,22
2026-04-03,ENT016,gross_margin,165,205,5381,6.63,109,86,40
2026-04-03,ENT017,event_completeness,247,210,2483,3.51,230,91,39
2026-04-03,ENT018,inventory_risk,242,194,7729,12.06,137,71,67
2026-04-03,ENT019,event_completeness,88,111,4853,4.25,129,95,42
2026-04-03,ENT020,repeat_purchase,257,234,6723,12.98,92,68,53
2026-04-03,ENT021,gross_margin,91,106,6512,13.29,140,64,67
2026-04-03,ENT022,event_completeness,223,190,7468,9.3,27,78,55
2026-04-03,ENT023,repeat_purchase,72,78,6418,1.57,43,98,12
2026-04-03,ENT024,roas,83,96,2357,4.14,222,94,44
2026-04-04,ENT001,gross_margin,106,128,3364,7.04,133,84,54
2026-04-04,ENT002,conversion_rate,156,150,5085,14.4,165,57,73
2026-04-04,ENT003,roas,110,90,3226,2.17,209,99,37
2026-04-04,ENT004,event_completeness,68,86,4371,3.3,55,98,19
2026-04-04,ENT005,repeat_purchase,71,82,8368,8.58,158,75,58
2026-04-04,ENT006,conversion_rate,278,314,6886,7.97,239,82,59
2026-04-04,ENT007,event_completeness,277,252,7052,3.56,81,97,17
2026-04-04,ENT008,inventory_risk,152,161,8823,7.02,207,82,60
2026-04-04,ENT009,roas,253,218,7443,8.65,196,81,54
2026-04-04,ENT010,conversion_rate,130,100,3144,9.04,81,77,38
2026-04-04,ENT011,inventory_risk,278,267,260,9.18,54,80,51
2026-04-04,ENT012,repeat_purchase,230,221,4666,11.25,68,70,76
2026-04-04,ENT013,inventory_risk,114,122,1701,3.87,32,89,18
2026-04-04,ENT014,gross_margin,280,286,3788,10,125,77,55
2026-04-04,ENT015,gross_margin,88,77,7170,2.34,100,97,36
2026-04-04,ENT016,event_completeness,143,119,502,11.35,90,67,67
2026-04-04,ENT017,conversion_rate,250,280,7446,9.74,169,76,50
2026-04-04,ENT018,conversion_rate,167,125,2716,2.64,39,95,42
2026-04-04,ENT019,event_completeness,169,137,4850,11.25,224,68,50
2026-04-04,ENT020,inventory_risk,114,125,6746,2.05,186,97,30
2026-04-04,ENT021,repeat_purchase,238,283,2652,8.67,226,77,52
2026-04-04,ENT022,roas,256,279,4559,4.16,95,91,33
2026-04-04,ENT023,gross_margin,182,229,3401,4.99,235,90,24
2026-04-04,ENT024,conversion_rate,97,105,8865,3.5,185,96,17
2026-04-05,ENT001,inventory_risk,144,174,7248,1.94,85,94,24
2026-04-05,ENT002,gross_margin,104,99,6841,5.12,25,86,42
2026-04-05,ENT003,repeat_purchase,274,203,1358,10.56,199,70,63
2026-04-05,ENT004,conversion_rate,215,264,3059,9.19,64,75,52
2026-04-05,ENT005,inventory_risk,89,72,2833,9.74,116,72,75
2026-04-05,ENT006,inventory_risk,73,68,8895,8.5,163,82,34
2026-04-05,ENT007,roas,218,187,3525,8.82,219,75,61
2026-04-05,ENT008,event_completeness,108,96,5177,12.06,175,68,54
2026-04-05,ENT009,conversion_rate,253,268,4038,6.14,37,85,47
2026-04-05,ENT010,event_completeness,264,277,2949,3.65,78,94,46
2026-04-05,ENT011,repeat_purchase,276,351,3139,12.56,198,68,80
2026-04-05,ENT012,gross_margin,226,240,6122,4.4,101,94,29
2026-04-05,ENT013,gross_margin,225,234,5005,10.09,52,71,72
2026-04-05,ENT014,gross_margin,80,66,880,5.32,169,86,45
2026-04-05,ENT015,gross_margin,121,97,8629,14.42,74,58,61
2026-04-05,ENT016,inventory_risk,109,122,7529,3.89,30,93,29
2026-04-05,ENT017,repeat_purchase,84,60,6149,7.46,171,83,60
2026-04-05,ENT018,event_completeness,164,139,7460,1.64,69,99,6
2026-04-05,ENT019,roas,129,104,7936,12.95,41,63,61
2026-04-05,ENT020,inventory_risk,106,104,3923,1.64,67,97,39
2026-04-05,ENT021,gross_margin,181,161,5239,2.98,209,91,37
2026-04-05,ENT022,repeat_purchase,249,301,2510,6.14,14,83,28
2026-04-05,ENT023,inventory_risk,87,110,4193,12.59,103,69,51
2026-04-05,ENT024,roas,86,97,563,14.1,235,63,90
2026-04-06,ENT001,conversion_rate,278,267,6311,7.29,238,82,40
2026-04-06,ENT002,event_completeness,234,197,3344,5.74,155,90,29
2026-04-06,ENT003,inventory_risk,271,347,6804,10.67,62,75,46
2026-04-06,ENT004,inventory_risk,84,80,4520,5.14,18,87,47
2026-04-06,ENT005,conversion_rate,194,231,1836,10.92,136,73,55
2026-04-06,ENT006,event_completeness,179,172,2329,12.76,107,64,59
2026-04-06,ENT007,roas,150,128,4686,10.41,212,77,69
2026-04-06,ENT008,roas,81,78,6834,3.03,188,97,12
2026-04-06,ENT009,conversion_rate,235,237,8397,10.27,42,77,52
2026-04-06,ENT010,roas,98,108,2562,12.89,89,65,56
2026-04-06,ENT011,event_completeness,116,95,1947,7.92,194,81,46
2026-04-06,ENT012,gross_margin,227,250,359,9.39,65,72,66
2026-04-06,ENT013,inventory_risk,121,150,4249,7.66,126,82,58
2026-04-06,ENT014,roas,165,134,8953,4.22,235,95,25
2026-04-06,ENT015,inventory_risk,182,211,8966,5.2,137,87,49
2026-04-06,ENT016,roas,187,148,6522,12.28,30,68,57
2026-04-06,ENT017,event_completeness,273,210,676,11.28,132,70,73
2026-04-06,ENT018,inventory_risk,78,58,1464,10.24,143,75,59
2026-04-06,ENT019,roas,209,222,6717,10.15,202,72,41
2026-04-06,ENT020,gross_margin,226,253,3960,12.12,151,68,51
2026-04-06,ENT021,event_completeness,92,94,6318,9.21,68,73,52
2026-04-06,ENT022,event_completeness,127,130,6467,1.82,239,95,37
2026-04-06,ENT023,event_completeness,110,119,283,10.54,125,75,63
2026-04-06,ENT024,roas,123,118,8802,8.72,188,81,44
2026-04-07,ENT001,conversion_rate,115,101,403,8.45,199,81,49
2026-04-07,ENT002,roas,122,150,7549,14.21,185,62,79
2026-04-07,ENT003,repeat_purchase,73,72,1020,13.05,132,61,61
2026-04-07,ENT004,gross_margin,256,215,3309,14.29,45,61,63
2026-04-07,ENT005,inventory_risk,73,90,4114,8.84,140,74,62
2026-04-07,ENT006,roas,253,233,7946,4.08,17,92,35
2026-04-07,ENT007,repeat_purchase,128,101,8715,4.24,25,95,17
2026-04-07,ENT008,event_completeness,91,72,7235,14.43,232,58,69
2026-04-07,ENT009,repeat_purchase,186,182,305,3.16,220,97,33
2026-04-07,ENT010,repeat_purchase,229,188,3788,5.47,144,86,47
2026-04-07,ENT011,repeat_purchase,146,121,2668,2.57,92,95,26
2026-04-07,ENT012,event_completeness,117,94,6464,7.14,32,82,50
2026-04-07,ENT013,gross_margin,85,87,4860,3.06,119,93,33
2026-04-07,ENT014,inventory_risk,140,151,1935,12.8,210,68,65
2026-04-07,ENT015,repeat_purchase,271,309,4131,6.38,198,82,39
2026-04-07,ENT016,event_completeness,130,117,6534,2.78,18,92,27
2026-04-07,ENT017,repeat_purchase,102,86,4257,13.06,230,65,79
2026-04-07,ENT018,gross_margin,238,174,2141,6.92,231,81,41
2026-04-07,ENT019,conversion_rate,273,262,4946,6.91,14,87,47
2026-04-07,ENT020,event_completeness,89,100,5873,11.14,223,70,59
2026-04-07,ENT021,roas,200,160,166,4.61,68,88,22
2026-04-07,ENT022,inventory_risk,83,89,5970,7.03,145,81,50
2026-04-07,ENT023,gross_margin,195,177,3230,14.28,152,60,88
2026-04-07,ENT024,inventory_risk,120,110,4722,2.37,143,99,20
2026-04-08,ENT001,event_completeness,180,173,527,7.02,91,82,44
2026-04-08,ENT002,inventory_risk,258,302,7878,5.74,32,91,38
2026-04-08,ENT003,repeat_purchase,137,108,3369,5.5,119,90,41
2026-04-08,ENT004,conversion_rate,81,74,5133,11.03,105,72,66
2026-04-08,ENT005,conversion_rate,118,132,1714,3.51,106,93,31
2026-04-08,ENT006,roas,219,263,4135,8.04,121,82,55
2026-04-08,ENT007,event_completeness,257,321,7101,2.5,135,97,14
2026-04-08,ENT008,repeat_purchase,209,242,2051,6.05,122,82,54
2026-04-08,ENT009,gross_margin,144,118,6371,9.18,179,80,60
2026-04-08,ENT010,conversion_rate,233,189,1739,5.33,101,88,26
2026-04-08,ENT011,roas,124,120,4598,7.06,226,87,51
2026-04-08,ENT012,gross_margin,265,305,1152,7.77,130,82,58
2026-04-08,ENT013,conversion_rate,234,232,5575,6.02,182,86,38
2026-04-08,ENT014,repeat_purchase,89,69,585,14.39,36,60,68
2026-04-08,ENT015,roas,223,265,1223,13.87,223,59,64
2026-04-08,ENT016,inventory_risk,170,165,1004,9.92,209,77,67
2026-04-08,ENT017,repeat_purchase,203,244,5595,7.92,16,79,58
2026-04-08,ENT018,gross_margin,166,121,2375,12.37,137,63,76
2026-04-08,ENT019,event_completeness,239,280,8609,10.52,214,69,58
2026-04-08,ENT020,gross_margin,226,283,1987,5.6,128,85,39
2026-04-08,ENT021,inventory_risk,140,176,1131,8.65,73,78,56
2026-04-08,ENT022,roas,151,137,1706,1.85,74,98,21
2026-04-08,ENT023,roas,126,132,8984,3.47,93,95,14
2026-04-08,ENT024,event_completeness,257,244,6294,13.33,32,64,78
2026-04-09,ENT001,roas,189,142,2075,7.88,92,79,65
2026-04-09,ENT002,gross_margin,109,108,3905,10.77,123,75,67
2026-04-09,ENT003,repeat_purchase,113,138,8685,5.08,15,90,37
2026-04-09,ENT004,roas,247,185,87,12,210,65,71
2026-04-09,ENT005,conversion_rate,124,149,6753,11.15,71,73,51
2026-04-09,ENT006,conversion_rate,270,327,7192,14.48,20,60,70
2026-04-09,ENT007,event_completeness,268,340,2484,7.6,166,84,32
2026-04-09,ENT008,inventory_risk,134,99,7023,5.89,188,89,53
2026-04-09,ENT009,roas,203,217,1919,3.93,41,93,14
2026-04-09,ENT010,conversion_rate,170,214,2679,13.69,103,66,58
2026-04-09,ENT011,gross_margin,75,80,341,9.19,79,79,69
2026-04-09,ENT012,repeat_purchase,234,241,7968,11.68,90,71,60
2026-04-09,ENT013,gross_margin,99,80,7362,3.54,66,95,31
2026-04-09,ENT014,event_completeness,152,128,1129,8.55,171,75,50
2026-04-09,ENT015,roas,147,112,651,13.85,232,66,55
2026-04-09,ENT016,repeat_purchase,166,199,3443,6.45,190,84,36
2026-04-09,ENT017,inventory_risk,185,207,4541,7.22,240,84,59
2026-04-09,ENT018,repeat_purchase,81,62,6198,11.56,173,72,77
2026-04-09,ENT019,repeat_purchase,79,63,8079,5.54,224,88,23
2026-04-09,ENT020,event_completeness,145,119,4699,5.64,223,88,28
2026-04-09,ENT021,inventory_risk,247,193,7949,5.08,235,86,24
2026-04-09,ENT022,event_completeness,200,156,5513,8.62,199,78,52
2026-04-09,ENT023,repeat_purchase,171,139,6804,13.04,141,62,78
2026-04-09,ENT024,gross_margin,123,139,6958,11.11,67,72,76
2026-04-10,ENT001,inventory_risk,128,140,2669,6.12,210,85,53
2026-04-10,ENT002,event_completeness,272,313,6352,11.02,32,73,61
2026-04-10,ENT003,gross_margin,132,162,5114,6.07,100,86,33
2026-04-10,ENT004,inventory_risk,211,251,7256,11.09,207,69,69
2026-04-10,ENT005,roas,158,131,6817,12.26,128,71,73
2026-04-10,ENT006,repeat_purchase,225,236,8887,3.46,58,97,29
2026-04-10,ENT007,roas,160,186,8652,12.23,25,71,53
2026-04-10,ENT008,repeat_purchase,261,298,4440,6.23,130,85,25
2026-04-10,ENT009,roas,80,61,179,5.28,212,84,29
2026-04-10,ENT010,event_completeness,152,120,6181,9.01,122,76,53
2026-04-10,ENT011,gross_margin,79,83,2570,13,98,64,67
2026-04-10,ENT012,roas,69,79,8089,9.52,155,78,64
2026-04-10,ENT013,roas,122,98,4496,11.86,35,69,65
2026-04-10,ENT014,roas,94,117,2028,11.13,217,74,67
2026-04-10,ENT015,event_completeness,201,229,5054,8.75,77,77,67
2026-04-10,ENT016,gross_margin,244,205,2832,7.4,63,86,32
2026-04-10,ENT017,inventory_risk,141,165,3178,12.57,111,69,75
2026-04-10,ENT018,repeat_purchase,259,269,2034,5.68,26,84,47
2026-04-10,ENT019,inventory_risk,250,195,4881,5.75,209,90,35
2026-04-10,ENT020,conversion_rate,269,256,1873,11.65,237,68,69
2026-04-10,ENT021,roas,265,331,3748,6.87,76,83,54
2026-04-10,ENT022,roas,157,170,4699,13.91,62,61,72
2026-04-10,ENT023,event_completeness,221,170,6019,3.17,88,94,30
2026-04-10,ENT024,event_completeness,220,246,2386,7.48,65,82,32
2026-04-11,ENT001,repeat_purchase,251,319,2161,13.13,54,64,66
2026-04-11,ENT002,repeat_purchase,109,123,1413,4.45,72,94,23
2026-04-11,ENT003,inventory_risk,168,180,870,6.04,25,86,43
2026-04-11,ENT004,event_completeness,126,125,3357,5.46,222,88,45
2026-04-11,ENT005,repeat_purchase,126,149,644,3.57,200,92,16
2026-04-11,ENT006,event_completeness,170,168,3218,10.33,177,71,63
2026-04-11,ENT007,conversion_rate,200,160,5946,12.31,135,66,80
2026-04-11,ENT008,gross_margin,177,136,5585,2.58,162,99,39
2026-04-11,ENT009,event_completeness,189,236,7695,8.34,18,81,41
2026-04-11,ENT010,gross_margin,132,133,5127,11.98,187,65,65
2026-04-11,ENT011,inventory_risk,270,281,8352,12.8,108,65,65
2026-04-11,ENT012,gross_margin,85,105,2759,8.18,168,76,53
2026-04-11,ENT013,gross_margin,153,135,2405,11.45,183,68,53
2026-04-11,ENT014,roas,163,160,3967,2.2,60,99,9
2026-04-11,ENT015,inventory_risk,171,162,1463,4.24,123,94,17
2026-04-11,ENT016,event_completeness,155,146,8221,5.04,211,89,47
2026-04-11,ENT017,conversion_rate,217,197,5817,2.83,36,92,44
2026-04-11,ENT018,inventory_risk,167,124,7296,12.2,126,71,80
2026-04-11,ENT019,event_completeness,186,199,2769,2.23,163,98,28
2026-04-11,ENT020,roas,212,263,1445,14.28,185,64,62
2026-04-11,ENT021,gross_margin,207,155,644,4.28,89,90,25
2026-04-11,ENT022,roas,215,260,6644,7.55,180,82,30
2026-04-11,ENT023,conversion_rate,222,249,350,2.28,15,98,26
2026-04-11,ENT024,event_completeness,247,314,8318,4.46,125,94,29
2026-04-12,ENT001,repeat_purchase,221,281,2632,4.5,202,91,51
2026-04-12,ENT002,gross_margin,108,121,4271,5.25,159,85,41
2026-04-12,ENT003,inventory_risk,246,273,6397,5.77,183,88,30
2026-04-12,ENT004,roas,199,253,3015,8.5,216,75,59
2026-04-12,ENT005,repeat_purchase,199,157,7040,11.07,37,70,63
2026-04-12,ENT006,inventory_risk,245,208,4252,8.67,151,77,37
2026-04-12,ENT007,conversion_rate,280,216,3695,7,60,85,57
2026-04-12,ENT008,event_completeness,172,163,6127,6.71,101,81,43
2026-04-12,ENT009,roas,140,102,6478,11.46,205,72,58
2026-04-12,ENT010,roas,115,93,3552,7.57,157,82,43
2026-04-12,ENT011,inventory_risk,189,238,8059,6.13,215,83,44
2026-04-12,ENT012,repeat_purchase,220,253,4375,4.8,30,88,37
2026-04-12,ENT013,gross_margin,98,110,8746,12.06,204,70,70
2026-04-12,ENT014,gross_margin,229,199,947,4.1,99,90,45
2026-04-12,ENT015,repeat_purchase,109,131,5897,9.23,106,77,37
2026-04-12,ENT016,roas,132,135,4131,7.88,167,77,32
2026-04-12,ENT017,gross_margin,184,213,1160,12.12,24,71,59
2026-04-12,ENT018,inventory_risk,188,167,5948,12.81,45,65,81
2026-04-12,ENT019,repeat_purchase,235,280,7728,2.25,136,96,9
2026-04-12,ENT020,inventory_risk,75,64,4662,7.42,140,80,42
2026-04-12,ENT021,gross_margin,137,123,4064,3.78,139,96,25
2026-04-12,ENT022,repeat_purchase,191,141,3114,8.63,209,78,44
2026-04-12,ENT023,inventory_risk,173,176,3585,3.04,58,96,11
2026-04-12,ENT024,inventory_risk,167,159,7044,7.32,178,81,41
2026-04-13,ENT001,event_completeness,184,226,8395,11.1,148,75,54
2026-04-13,ENT002,inventory_risk,168,144,5579,4.89,37,87,35
2026-04-13,ENT003,roas,231,169,7609,9.33,110,79,51
2026-04-13,ENT004,inventory_risk,260,276,5245,10.84,201,75,44
2026-04-13,ENT005,event_completeness,177,195,2443,11.99,133,70,74
2026-04-13,ENT006,roas,214,246,1528,14.31,36,62,82
2026-04-13,ENT007,event_completeness,130,163,4538,11.75,108,72,58
2026-04-13,ENT008,inventory_risk,157,146,3967,7.64,47,78,65
2026-04-13,ENT009,gross_margin,242,208,7529,3.28,212,92,48
2026-04-13,ENT010,repeat_purchase,160,152,7717,9.98,174,74,41
2026-04-13,ENT011,conversion_rate,77,73,3216,6.81,127,86,52
2026-04-13,ENT012,inventory_risk,253,228,801,12.78,155,65,81
2026-04-13,ENT013,inventory_risk,130,150,6646,13.68,78,66,60
2026-04-13,ENT014,roas,217,158,7035,3.41,108,94,31
2026-04-13,ENT015,roas,121,96,924,9.92,47,72,59
2026-04-13,ENT016,inventory_risk,249,182,4073,1.69,200,99,31
2026-04-13,ENT017,event_completeness,81,99,6899,12.8,137,65,62
2026-04-13,ENT018,conversion_rate,113,110,2021,5.49,98,85,49
2026-04-13,ENT019,repeat_purchase,154,128,1212,3.38,236,92,23
2026-04-13,ENT020,repeat_purchase,227,175,6078,14.22,229,61,60
2026-04-13,ENT021,conversion_rate,177,209,3824,2.12,149,94,14
2026-04-13,ENT022,gross_margin,173,176,5949,13.48,94,60,74
2026-04-13,ENT023,conversion_rate,126,116,4983,14.39,181,58,77
2026-04-13,ENT024,repeat_purchase,216,175,925,11.58,209,73,67
2026-04-14,ENT001,repeat_purchase,127,108,8151,2.04,128,98,21
2026-04-14,ENT002,gross_margin,240,199,7141,11.08,191,70,79
2026-04-14,ENT003,repeat_purchase,256,297,1572,11,86,72,61
2026-04-14,ENT004,repeat_purchase,196,235,2374,6.39,22,84,40
2026-04-14,ENT005,repeat_purchase,125,114,1199,12.82,125,65,70
2026-04-14,ENT006,conversion_rate,109,99,4655,7.32,177,84,49
2026-04-14,ENT007,repeat_purchase,179,150,4424,6.21,187,82,39
2026-04-14,ENT008,inventory_risk,97,117,8156,10.65,157,71,76
2026-04-14,ENT009,roas,210,252,6241,1.64,219,98,33
2026-04-14,ENT010,gross_margin,167,200,8277,10.67,211,74,50
2026-04-14,ENT011,event_completeness,228,276,6498,5.87,67,89,27
2026-04-14,ENT012,event_completeness,228,271,8895,9.76,103,75,68
2026-04-14,ENT013,conversion_rate,262,197,8222,6.54,67,81,39
2026-04-14,ENT014,event_completeness,106,117,2849,2.96,144,98,9
2026-04-14,ENT015,roas,152,152,7025,8.72,27,81,54
2026-04-14,ENT016,event_completeness,202,200,5947,1.5,184,98,12
2026-04-14,ENT017,inventory_risk,217,234,7276,6.47,44,86,29
2026-04-14,ENT018,event_completeness,215,247,1780,4.42,199,93,30
2026-04-14,ENT019,conversion_rate,185,170,2586,6.42,171,85,36
2026-04-14,ENT020,event_completeness,229,229,2480,9.06,184,73,53
2026-04-14,ENT021,inventory_risk,70,87,893,12.28,97,68,82
2026-04-14,ENT022,inventory_risk,84,65,2455,8.68,63,77,43
2026-04-14,ENT023,repeat_purchase,187,159,4955,9.48,179,77,62
2026-04-14,ENT024,repeat_purchase,250,263,3473,3,34,99,17
2026-04-15,ENT001,gross_margin,88,98,1753,1.69,208,99,18
2026-04-15,ENT002,conversion_rate,116,124,4069,8.76,24,76,56
2026-04-15,ENT003,inventory_risk,79,75,5418,8.35,218,77,39
2026-04-15,ENT004,event_completeness,158,160,6796,5.28,37,87,43
2026-04-15,ENT005,event_completeness,163,139,2046,10.31,162,75,71
2026-04-15,ENT006,repeat_purchase,231,210,7629,10.04,61,73,74
2026-04-15,ENT007,inventory_risk,264,298,1533,12.32,34,69,70
2026-04-15,ENT008,inventory_risk,226,163,3214,11.24,189,74,44
2026-04-15,ENT009,inventory_risk,246,226,236,1.65,232,99,30
2026-04-15,ENT010,conversion_rate,86,75,7035,4.33,70,92,21
2026-04-15,ENT011,event_completeness,132,131,6050,10.61,85,69,50
2026-04-15,ENT012,event_completeness,245,294,3141,2.63,173,93,15
2026-04-15,ENT013,repeat_purchase,129,123,1060,10.13,39,73,76
2026-04-15,ENT014,repeat_purchase,144,140,6917,8.82,93,81,41
2026-04-15,ENT015,gross_margin,202,204,2309,11.31,182,72,61
2026-04-15,ENT016,event_completeness,172,203,965,12.57,48,64,82
2026-04-15,ENT017,gross_margin,93,80,6604,11.01,149,74,64
2026-04-15,ENT018,event_completeness,177,214,4798,14.07,92,59,82
2026-04-15,ENT019,roas,191,160,6684,2.4,163,99,13
2026-04-15,ENT020,event_completeness,127,142,1803,8.6,20,77,60
2026-04-15,ENT021,roas,258,222,7387,11.5,20,66,59
2026-04-15,ENT022,event_completeness,119,130,8932,10.06,174,76,47
2026-04-15,ENT023,repeat_purchase,88,84,6140,3.76,130,91,38
2026-04-15,ENT024,event_completeness,182,167,3667,9.61,210,78,50
2026-04-16,ENT001,gross_margin,160,138,201,11.65,52,67,72
2026-04-16,ENT002,event_completeness,69,82,2627,12.14,133,68,48
2026-04-16,ENT003,event_completeness,154,159,2834,2.16,215,99,12
2026-04-16,ENT004,conversion_rate,140,146,6379,7.91,203,80,57
2026-04-16,ENT005,conversion_rate,249,274,5949,4.43,224,87,25
2026-04-16,ENT006,gross_margin,76,76,6681,9.05,143,78,50
2026-04-16,ENT007,event_completeness,278,278,5195,3.26,126,95,38
2026-04-16,ENT008,roas,188,156,2653,8.19,187,77,41
2026-04-16,ENT009,inventory_risk,173,168,7206,1.69,88,99,40
2026-04-16,ENT010,repeat_purchase,138,159,8023,1.94,63,99,14
2026-04-16,ENT011,inventory_risk,190,207,1165,5.59,61,89,34
2026-04-16,ENT012,gross_margin,244,188,4856,1.54,37,99,23
2026-04-16,ENT013,repeat_purchase,67,85,1737,8.18,143,77,39
2026-04-16,ENT014,conversion_rate,203,231,4317,4.34,128,91,35
2026-04-16,ENT015,event_completeness,108,78,2795,13.61,19,67,78
2026-04-16,ENT016,inventory_risk,178,144,406,4.42,234,93,35
2026-04-16,ENT017,gross_margin,124,104,2503,8.53,234,81,54
2026-04-16,ENT018,roas,168,176,3957,3.15,36,96,37
2026-04-16,ENT019,event_completeness,91,115,1650,11.64,35,66,59
2026-04-16,ENT020,gross_margin,237,206,5292,6.71,35,86,48
2026-04-16,ENT021,conversion_rate,163,173,1973,6.26,239,85,27
2026-04-16,ENT022,conversion_rate,96,91,8228,10.7,85,74,61
2026-04-16,ENT023,conversion_rate,256,259,4486,2.9,171,99,30
2026-04-16,ENT024,repeat_purchase,191,174,1638,10.66,209,72,61
2026-04-17,ENT001,conversion_rate,276,221,7809,10.79,68,68,48
2026-04-17,ENT002,event_completeness,214,203,2388,12.68,37,62,56
2026-04-17,ENT003,conversion_rate,132,106,6493,9.5,70,79,62
2026-04-17,ENT004,roas,187,165,136,4.92,79,93,23
2026-04-17,ENT005,inventory_risk,181,163,7187,11.43,119,67,47
2026-04-17,ENT006,roas,267,307,266,7.19,26,86,50
2026-04-17,ENT007,conversion_rate,165,195,209,7.44,88,81,58
2026-04-17,ENT008,gross_margin,108,81,4372,3.51,23,93,41
2026-04-17,ENT009,inventory_risk,85,67,2471,3.37,138,95,13
2026-04-17,ENT010,roas,168,183,8586,4.7,107,89,23
2026-04-17,ENT011,gross_margin,213,164,2288,4.61,159,93,39
2026-04-17,ENT012,gross_margin,216,227,1904,6.87,111,80,33
2026-04-17,ENT013,gross_margin,249,192,2301,13.69,130,66,62
2026-04-17,ENT014,conversion_rate,206,185,199,2.08,21,99,21
2026-04-17,ENT015,gross_margin,191,243,8892,1.8,18,98,6
2026-04-17,ENT016,roas,76,92,8861,1.82,103,95,11
2026-04-17,ENT017,inventory_risk,135,115,3746,10.38,134,71,57
2026-04-17,ENT018,inventory_risk,192,242,3291,8.61,116,79,69
2026-04-17,ENT019,repeat_purchase,72,53,4618,5.68,121,85,35
2026-04-17,ENT020,gross_margin,67,82,7504,13.56,130,67,53
2026-04-17,ENT021,gross_margin,119,95,1227,6.31,221,82,37
2026-04-17,ENT022,gross_margin,100,119,3260,6.93,197,81,45
2026-04-17,ENT023,event_completeness,100,87,7094,2.81,39,94,12
2026-04-17,ENT024,conversion_rate,83,90,8667,1.69,19,99,22
2026-04-18,ENT001,gross_margin,206,247,4358,7.23,36,85,43
2026-04-18,ENT002,repeat_purchase,71,59,5154,5.09,219,85,56
2026-04-18,ENT003,gross_margin,146,131,4539,11.65,62,69,56
2026-04-18,ENT004,roas,185,152,7154,3.2,192,92,29
2026-04-18,ENT005,roas,241,306,2265,11.79,169,66,53
2026-04-18,ENT006,inventory_risk,192,173,6915,10.52,53,75,71
2026-04-18,ENT007,repeat_purchase,140,120,364,4.54,55,91,18
2026-04-18,ENT008,conversion_rate,168,165,8503,2.48,83,98,15
2026-04-18,ENT009,event_completeness,128,136,8186,11.53,103,68,66
2026-04-18,ENT010,conversion_rate,74,75,8295,4.05,173,95,40
2026-04-18,ENT011,inventory_risk,66,73,4253,11.71,144,67,54
2026-04-18,ENT012,repeat_purchase,207,219,2222,9.29,181,78,48
2026-04-18,ENT013,event_completeness,258,235,5948,3.89,37,89,40
2026-04-18,ENT014,event_completeness,133,101,1939,4.89,58,92,42
2026-04-18,ENT015,event_completeness,183,207,5401,4.3,30,87,31
2026-04-18,ENT016,event_completeness,211,226,6391,6.78,209,85,55
2026-04-18,ENT017,repeat_purchase,219,197,3494,5.18,201,87,34
2026-04-18,ENT018,gross_margin,94,85,143,5.65,19,90,24
2026-04-18,ENT019,inventory_risk,160,117,8194,11.32,130,70,49
2026-04-18,ENT020,inventory_risk,254,274,5224,3.53,37,95,43
2026-04-18,ENT021,roas,85,71,6117,11.62,172,70,58
2026-04-18,ENT022,event_completeness,272,286,8097,11.33,54,68,67
2026-04-18,ENT023,event_completeness,156,176,5453,2.68,211,99,33
2026-04-18,ENT024,roas,144,163,2585,7.46,138,79,34
2026-04-19,ENT001,conversion_rate,203,160,7540,12.31,19,66,85
2026-04-19,ENT002,conversion_rate,76,65,6040,13.32,82,67,58
2026-04-19,ENT003,conversion_rate,168,170,5187,6.17,70,85,35
2026-04-19,ENT004,repeat_purchase,71,91,4149,12.91,217,68,67
2026-04-19,ENT005,inventory_risk,117,136,7762,2.25,68,95,32
2026-04-19,ENT006,event_completeness,153,165,2784,2.39,167,93,16
2026-04-19,ENT007,roas,254,264,3840,3.48,220,92,45
2026-04-19,ENT008,gross_margin,171,180,8486,13.61,125,66,58
2026-04-19,ENT009,event_completeness,74,69,4130,8.31,221,78,49
2026-04-19,ENT010,gross_margin,238,193,8954,7.71,63,79,40
2026-04-19,ENT011,conversion_rate,96,101,4125,8.2,67,79,43
2026-04-19,ENT012,conversion_rate,101,108,7055,2.66,90,98,34
2026-04-19,ENT013,repeat_purchase,160,170,266,11.27,185,66,62
2026-04-19,ENT014,event_completeness,232,197,1306,5.84,125,87,37
2026-04-19,ENT015,gross_margin,81,95,6110,13.79,190,66,58
2026-04-19,ENT016,gross_margin,115,101,2047,11.58,27,69,52
2026-04-19,ENT017,event_completeness,93,102,6060,10.8,155,71,53
2026-04-19,ENT018,roas,201,173,3007,11.74,173,67,48
2026-04-19,ENT019,gross_margin,220,271,7212,6.62,57,83,54
2026-04-19,ENT020,event_completeness,198,224,6388,6.26,226,84,47
2026-04-19,ENT021,repeat_purchase,73,68,1999,12.45,130,66,75
2026-04-19,ENT022,conversion_rate,161,174,3357,13.74,169,60,78
2026-04-19,ENT023,roas,154,128,2202,4.92,83,90,42
2026-04-19,ENT024,conversion_rate,72,58,8052,3.99,211,89,41
2026-04-20,ENT001,event_completeness,147,181,1597,1.67,141,99,10
2026-04-20,ENT002,repeat_purchase,75,91,2388,12.58,225,66,60
2026-04-20,ENT003,conversion_rate,224,213,1042,6.86,31,80,57
2026-04-20,ENT004,event_completeness,267,307,5747,8.43,110,81,43
2026-04-20,ENT005,event_completeness,199,151,6803,8.79,23,79,65
2026-04-20,ENT006,conversion_rate,73,69,1943,8.37,141,81,39
2026-04-20,ENT007,roas,185,218,2126,3.45,149,93,21
2026-04-20,ENT008,roas,190,220,8912,9.67,193,72,61
2026-04-20,ENT009,conversion_rate,175,142,7997,5.05,99,89,54
2026-04-20,ENT010,roas,235,259,5677,13.63,91,59,60
2026-04-20,ENT011,repeat_purchase,277,238,1199,4.63,36,92,40
2026-04-20,ENT012,repeat_purchase,269,261,2038,10.15,196,76,45
2026-04-20,ENT013,inventory_risk,75,95,1830,6.56,40,87,40
2026-04-20,ENT014,roas,158,134,1218,14.27,167,61,88
2026-04-20,ENT015,inventory_risk,153,194,279,13.19,235,65,77
2026-04-20,ENT016,inventory_risk,239,306,7110,11.74,227,67,78
2026-04-20,ENT017,roas,171,200,146,9.34,234,72,40
2026-04-20,ENT018,repeat_purchase,252,260,4765,8.58,152,82,62
2026-04-20,ENT019,roas,169,203,7656,11.86,179,71,73
2026-04-20,ENT020,inventory_risk,216,240,3321,2.65,84,99,39
2026-04-20,ENT021,event_completeness,150,152,3221,2.27,187,98,16
2026-04-20,ENT022,roas,228,189,7568,7.23,202,82,50
2026-04-20,ENT023,inventory_risk,93,78,2211,2.22,20,99,12
2026-04-20,ENT024,roas,262,314,7359,9.54,168,73,65
2026-04-21,ENT001,roas,183,178,8681,6.15,124,87,46
2026-04-21,ENT002,gross_margin,179,195,2691,7.32,165,84,34
2026-04-21,ENT003,roas,178,219,4778,4.77,166,86,52
2026-04-21,ENT004,inventory_risk,176,201,2042,6.41,114,83,38
2026-04-21,ENT005,inventory_risk,69,68,2586,8.66,71,78,48
2026-04-21,ENT006,repeat_purchase,148,151,2849,5.3,32,87,46
2026-04-21,ENT007,inventory_risk,92,82,6781,6.86,149,85,26
2026-04-21,ENT008,event_completeness,136,152,7681,5.68,159,84,52
2026-04-21,ENT009,gross_margin,96,120,4028,3.38,88,97,31
2026-04-21,ENT010,conversion_rate,125,116,4727,10.03,171,77,68
2026-04-21,ENT011,event_completeness,203,183,5918,1.78,216,97,11
2026-04-21,ENT012,conversion_rate,271,203,1799,6.15,228,89,48
2026-04-21,ENT013,repeat_purchase,176,206,2689,2.76,38,99,13
2026-04-21,ENT014,repeat_purchase,268,308,6824,3.75,183,96,31
2026-04-21,ENT015,gross_margin,76,68,6157,1.68,188,99,36
2026-04-21,ENT016,repeat_purchase,226,179,8329,6.01,168,85,55
2026-04-21,ENT017,event_completeness,280,269,3443,12.16,46,65,77
2026-04-21,ENT018,event_completeness,251,228,531,7.12,41,83,29
2026-04-21,ENT019,conversion_rate,196,171,8820,11.61,149,72,67
2026-04-21,ENT020,event_completeness,244,217,8419,2.85,197,95,26
2026-04-21,ENT021,conversion_rate,220,251,8519,3.82,38,93,16
2026-04-21,ENT022,gross_margin,131,144,5809,14.14,96,59,90
2026-04-21,ENT023,repeat_purchase,241,251,3659,3.5,212,95,35
2026-04-21,ENT024,roas,87,109,2866,6.64,223,85,58
2026-04-22,ENT001,inventory_risk,83,71,8574,7.87,203,80,45
2026-04-22,ENT002,gross_margin,127,123,8754,5.25,158,90,21
2026-04-22,ENT003,conversion_rate,164,134,4538,7.19,70,79,64
2026-04-22,ENT004,roas,111,109,3201,13.74,74,63,61
2026-04-22,ENT005,conversion_rate,224,262,538,8.35,76,79,68
2026-04-22,ENT006,inventory_risk,194,169,6190,12.25,184,66,76
2026-04-22,ENT007,repeat_purchase,190,196,4835,6.4,129,85,41
2026-04-22,ENT008,conversion_rate,191,162,4924,6.91,180,84,37
2026-04-22,ENT009,roas,198,249,5455,8.15,138,83,62
2026-04-22,ENT010,conversion_rate,237,282,5676,14.35,49,64,74
2026-04-22,ENT011,conversion_rate,169,189,4197,3.73,143,95,43
2026-04-22,ENT012,inventory_risk,153,171,5351,7.29,202,80,56
2026-04-22,ENT013,roas,260,289,6038,3.1,215,91,13
2026-04-22,ENT014,roas,109,128,7661,3.12,231,91,23
2026-04-22,ENT015,conversion_rate,226,179,8544,7.68,127,84,53
2026-04-22,ENT016,roas,202,184,3606,9.43,179,75,54
2026-04-22,ENT017,roas,80,81,194,7.88,168,84,29
2026-04-22,ENT018,inventory_risk,258,315,5487,8.57,213,79,42
2026-04-22,ENT019,inventory_risk,110,129,3309,6.66,130,86,36
2026-04-22,ENT020,inventory_risk,276,282,628,7.24,66,84,43
2026-04-22,ENT021,inventory_risk,243,233,1020,4.09,118,93,30
2026-04-22,ENT022,conversion_rate,224,264,3227,8.05,79,77,68
2026-04-22,ENT023,inventory_risk,274,241,6955,7.94,228,76,66
2026-04-22,ENT024,gross_margin,267,315,8085,7.05,191,84,35
2026-04-23,ENT001,gross_margin,100,126,1127,5.2,216,85,42
2026-04-23,ENT002,gross_margin,138,121,6768,4.33,62,95,27
2026-04-23,ENT003,conversion_rate,154,165,8539,11.69,79,67,69
2026-04-23,ENT004,conversion_rate,226,244,3779,1.56,119,98,26
2026-04-23,ENT005,conversion_rate,137,114,8316,4.58,190,87,46
2026-04-23,ENT006,inventory_risk,83,62,5965,12.56,83,67,71
2026-04-23,ENT007,gross_margin,101,94,3387,10.97,52,68,49
2026-04-23,ENT008,roas,158,158,3002,8.87,15,78,59
2026-04-23,ENT009,gross_margin,251,279,980,14.48,28,58,92
2026-04-23,ENT010,event_completeness,91,110,1408,8.3,210,75,42
2026-04-23,ENT011,roas,95,101,2020,4.75,96,92,24
2026-04-23,ENT012,gross_margin,231,289,5021,7.48,190,78,63
2026-04-23,ENT013,event_completeness,180,182,8386,14.07,208,60,89
2026-04-23,ENT014,inventory_risk,144,147,4417,5.46,199,89,23
2026-04-23,ENT015,gross_margin,170,209,3389,10.87,189,73,55
2026-04-23,ENT016,gross_margin,132,132,1992,14.25,190,59,60
2026-04-23,ENT017,gross_margin,150,134,3630,14.37,97,62,71
2026-04-23,ENT018,conversion_rate,172,203,1367,4.38,182,88,32
2026-04-23,ENT019,roas,206,194,3797,14.06,116,58,90
2026-04-23,ENT020,repeat_purchase,143,157,5723,6.47,162,86,32
2026-04-23,ENT021,inventory_risk,229,181,1762,6.32,235,86,56
2026-04-23,ENT022,event_completeness,271,276,7201,4.78,210,93,40
2026-04-23,ENT023,roas,138,153,5820,4.95,146,91,19
2026-04-23,ENT024,conversion_rate,66,51,3075,12.79,173,67,83
2026-04-24,ENT001,conversion_rate,113,122,6263,12.74,55,66,76
2026-04-24,ENT002,repeat_purchase,272,272,2996,5.76,22,84,49
2026-04-24,ENT003,conversion_rate,174,218,464,6.05,129,89,46
2026-04-24,ENT004,conversion_rate,83,74,562,9.27,206,76,65
2026-04-24,ENT005,event_completeness,198,143,125,10.34,163,73,43
2026-04-24,ENT006,conversion_rate,170,177,7321,5.81,187,83,52
2026-04-24,ENT007,conversion_rate,147,171,2848,6.77,170,82,53
2026-04-24,ENT008,conversion_rate,110,135,6506,10.34,163,71,42
2026-04-24,ENT009,inventory_risk,80,96,8295,7.73,53,82,59
2026-04-24,ENT010,repeat_purchase,124,129,4876,2.83,54,99,21
2026-04-24,ENT011,roas,166,158,7603,2.42,183,97,37
2026-04-24,ENT012,gross_margin,227,227,4285,3.85,92,89,50
2026-04-24,ENT013,repeat_purchase,269,250,8468,6.4,167,87,56
2026-04-24,ENT014,repeat_purchase,244,229,8932,7.1,29,81,37
2026-04-24,ENT015,inventory_risk,177,175,6712,7.17,111,82,42
2026-04-24,ENT016,gross_margin,250,283,5846,3.01,186,96,24
2026-04-24,ENT017,event_completeness,259,225,2453,13.73,66,65,86
2026-04-24,ENT018,gross_margin,158,194,7815,2.27,207,97,30
2026-04-24,ENT019,repeat_purchase,188,158,7349,2.11,157,98,35
2026-04-24,ENT020,repeat_purchase,159,137,7110,7.44,102,85,43
2026-04-24,ENT021,roas,246,278,7250,3.99,27,92,27
2026-04-24,ENT022,repeat_purchase,90,67,579,10.42,147,76,74
2026-04-24,ENT023,conversion_rate,262,233,5122,13.21,102,61,60
2026-04-24,ENT024,event_completeness,97,107,5809,3.14,98,95,25
2026-04-25,ENT001,conversion_rate,268,268,1533,9.36,129,74,53
2026-04-25,ENT002,conversion_rate,213,234,5934,14,236,61,60
2026-04-25,ENT003,event_completeness,88,64,1907,7.33,213,82,43
2026-04-25,ENT004,conversion_rate,159,180,1485,1.51,122,97,8
2026-04-25,ENT005,roas,204,241,5925,2.88,31,97,22
2026-04-25,ENT006,event_completeness,219,252,8718,7.83,97,79,37
2026-04-25,ENT007,event_completeness,273,210,5855,9.22,106,79,46
2026-04-25,ENT008,repeat_purchase,174,131,4416,13.34,41,62,71
2026-04-25,ENT009,inventory_risk,208,200,2721,2.51,105,94,13
2026-04-25,ENT010,event_completeness,181,156,4503,12.16,183,65,72
2026-04-25,ENT011,repeat_purchase,193,224,4629,10.51,113,71,62
2026-04-25,ENT012,inventory_risk,135,127,8848,9.8,94,72,42
2026-04-25,ENT013,gross_margin,271,287,7252,6.08,72,83,37
2026-04-25,ENT014,inventory_risk,120,92,8512,7.61,179,79,43
2026-04-25,ENT015,roas,138,167,1082,8.76,143,81,54
2026-04-25,ENT016,roas,200,196,1920,13.46,211,67,70
2026-04-25,ENT017,conversion_rate,232,186,5435,4.32,142,91,43
2026-04-25,ENT018,roas,223,194,2102,13.19,145,68,64
2026-04-25,ENT019,inventory_risk,243,262,4340,7.36,134,80,52
2026-04-25,ENT020,conversion_rate,262,333,8265,7.28,14,79,59
2026-04-25,ENT021,inventory_risk,199,181,7303,6.84,99,83,55
2026-04-25,ENT022,event_completeness,197,229,4119,8.31,61,83,37
2026-04-25,ENT023,gross_margin,267,331,3040,2.65,61,95,39
2026-04-25,ENT024,conversion_rate,162,180,805,12.6,181,65,66
2026-04-26,ENT001,inventory_risk,121,88,2400,3.17,217,97,34
2026-04-26,ENT002,event_completeness,126,135,8462,10.75,51,73,63
2026-04-26,ENT003,roas,244,183,1013,9.82,154,77,40
2026-04-26,ENT004,roas,123,117,7795,11.17,168,73,44
2026-04-26,ENT005,gross_margin,222,222,4380,1.68,117,99,25
2026-04-26,ENT006,gross_margin,262,314,1922,11.7,156,70,71
2026-04-26,ENT007,roas,263,313,8359,10.98,223,68,50
2026-04-26,ENT008,inventory_risk,100,121,5782,10.12,34,71,62
2026-04-26,ENT009,inventory_risk,136,147,6412,3.69,136,92,26
2026-04-26,ENT010,repeat_purchase,158,156,8782,1.75,111,99,38
2026-04-26,ENT011,gross_margin,257,280,5772,7.09,107,84,49
2026-04-26,ENT012,event_completeness,215,262,8805,2.97,211,94,30
2026-04-26,ENT013,conversion_rate,200,236,7934,3.35,188,98,36
2026-04-26,ENT014,repeat_purchase,180,187,1617,9.84,21,77,42
2026-04-26,ENT015,repeat_purchase,214,199,6978,5.05,135,91,50
2026-04-26,ENT016,repeat_purchase,108,95,5955,8.62,138,80,52
2026-04-26,ENT017,roas,163,200,5738,13.76,218,64,67
2026-04-26,ENT018,conversion_rate,212,176,8333,12.35,140,65,59
2026-04-26,ENT019,roas,181,170,5212,4.62,211,91,28
2026-04-26,ENT020,gross_margin,230,281,5973,6.39,85,89,43
2026-04-26,ENT021,roas,260,229,2887,1.87,204,99,27
2026-04-26,ENT022,gross_margin,87,84,5129,11.01,182,69,75
2026-04-26,ENT023,event_completeness,261,277,8905,11.45,45,69,74
2026-04-26,ENT024,event_completeness,120,122,1575,13.95,237,60,57
2026-04-27,ENT001,event_completeness,141,172,8715,5.53,155,85,46
2026-04-27,ENT002,inventory_risk,234,227,5695,6.97,235,84,50
2026-04-27,ENT003,gross_margin,185,178,5996,11.09,60,67,59
2026-04-27,ENT004,inventory_risk,127,99,5127,9.41,16,72,57
2026-04-27,ENT005,repeat_purchase,155,124,3149,3.48,114,93,38
2026-04-27,ENT006,inventory_risk,170,148,7693,13.76,80,59,82
2026-04-27,ENT007,roas,170,199,8539,7.98,30,79,56
2026-04-27,ENT008,inventory_risk,122,120,4046,9.22,128,75,39
2026-04-27,ENT009,event_completeness,65,83,8068,6.37,153,88,42
2026-04-27,ENT010,event_completeness,224,172,1677,5.28,97,85,38
2026-04-27,ENT011,repeat_purchase,275,228,8098,12.46,215,65,62
2026-04-27,ENT012,roas,136,136,5403,3.26,59,93,13
2026-04-27,ENT013,roas,120,145,7022,4.7,150,88,52
2026-04-27,ENT014,inventory_risk,242,179,6774,6.86,128,83,48
2026-04-27,ENT015,inventory_risk,188,194,2509,1.73,224,97,29
2026-04-27,ENT016,inventory_risk,154,120,240,6.77,124,86,60
2026-04-27,ENT017,gross_margin,197,229,7674,7.91,17,82,43
2026-04-27,ENT018,conversion_rate,236,208,8241,4.19,164,90,25
2026-04-27,ENT019,repeat_purchase,82,75,4802,10.92,153,68,77
2026-04-27,ENT020,event_completeness,109,94,8170,8.41,100,81,32
2026-04-27,ENT021,roas,229,192,6118,5.3,149,91,29
2026-04-27,ENT022,roas,168,123,2067,8.37,110,76,61
2026-04-27,ENT023,roas,189,200,7515,3.02,133,99,13
2026-04-27,ENT024,roas,97,115,6020,9.21,138,79,47
2026-04-28,ENT001,repeat_purchase,207,166,4720,5.05,66,88,50
2026-04-28,ENT002,gross_margin,164,156,3895,3.87,22,95,45
2026-04-28,ENT003,inventory_risk,151,180,541,11.92,95,67,53
2026-04-28,ENT004,roas,166,198,8106,9.6,79,77,59
2026-04-28,ENT005,repeat_purchase,179,141,3198,8.27,229,81,36
2026-04-28,ENT006,inventory_risk,84,94,4418,13.57,97,64,79
2026-04-28,ENT007,conversion_rate,99,74,6804,12.41,234,66,75
2026-04-28,ENT008,repeat_purchase,98,82,3798,9.4,139,77,67
2026-04-28,ENT009,conversion_rate,250,208,7541,8.92,220,75,69
2026-04-28,ENT010,roas,168,134,5061,7.73,225,80,50
2026-04-28,ENT011,event_completeness,220,257,1980,11.16,89,69,56
2026-04-28,ENT012,roas,268,338,2117,7.8,224,81,41
2026-04-28,ENT013,repeat_purchase,152,184,3253,6.87,111,83,27
2026-04-28,ENT014,conversion_rate,177,219,141,8,214,78,36
2026-04-28,ENT015,gross_margin,113,92,3697,7.73,146,85,38
2026-04-28,ENT016,repeat_purchase,143,109,4977,3.42,155,90,36
2026-04-28,ENT017,gross_margin,105,91,8865,7.89,230,79,60
2026-04-28,ENT018,inventory_risk,249,227,3628,9.43,17,75,55
2026-04-28,ENT019,conversion_rate,80,89,173,7.57,239,80,60
2026-04-28,ENT020,repeat_purchase,213,222,7182,7.24,132,86,52
2026-04-28,ENT021,inventory_risk,169,211,4584,10.62,28,69,69
2026-04-28,ENT022,conversion_rate,260,281,4542,6.46,190,81,62
2026-04-28,ENT023,conversion_rate,265,265,3740,9.04,233,75,37
2026-04-28,ENT024,gross_margin,274,271,5350,3.65,42,95,43
2026-04-29,ENT001,inventory_risk,249,319,3647,6.6,128,86,57
2026-04-29,ENT002,roas,246,197,2637,5.9,65,84,35
2026-04-29,ENT003,inventory_risk,223,183,6242,3.37,25,92,33
2026-04-29,ENT004,roas,69,83,6829,2.4,146,99,33
2026-04-29,ENT005,gross_margin,89,67,7724,6.27,43,82,39
2026-04-29,ENT006,repeat_purchase,197,158,8396,13.98,36,64,73
2026-04-29,ENT007,event_completeness,212,254,5795,13.68,229,60,64
2026-04-29,ENT008,gross_margin,154,179,2939,12.67,168,70,57
2026-04-29,ENT009,repeat_purchase,138,117,6914,12.94,233,68,84
2026-04-29,ENT010,conversion_rate,266,335,7357,10.29,184,73,73
2026-04-29,ENT011,repeat_purchase,117,96,6783,3.99,122,88,33
2026-04-29,ENT012,conversion_rate,172,155,4653,4,206,94,34
2026-04-29,ENT013,gross_margin,255,209,6512,9.84,48,77,47
2026-04-29,ENT014,repeat_purchase,125,156,4707,12.85,52,69,57
2026-04-29,ENT015,gross_margin,95,84,2028,9.2,153,76,58
2026-04-29,ENT016,inventory_risk,147,151,6917,10.34,48,76,53
2026-04-29,ENT017,conversion_rate,142,108,243,12.05,238,66,78
2026-04-29,ENT018,roas,256,246,7448,13.03,14,61,67
2026-04-29,ENT019,gross_margin,146,174,8459,5.13,121,90,46
2026-04-29,ENT020,conversion_rate,267,283,6485,13.03,83,69,70
2026-04-29,ENT021,event_completeness,202,212,5942,1.57,219,99,39
2026-04-29,ENT022,inventory_risk,231,270,6552,1.61,135,99,32
2026-04-29,ENT023,repeat_purchase,111,84,4680,12.44,83,69,83
2026-04-29,ENT024,repeat_purchase,239,253,1926,5.77,163,85,37
2026-04-30,ENT001,inventory_risk,253,311,3119,5.29,120,92,45
2026-04-30,ENT002,conversion_rate,216,210,3722,7.77,168,78,33
2026-04-30,ENT003,repeat_purchase,102,109,2324,5.73,128,89,21
2026-04-30,ENT004,gross_margin,152,169,2540,7.7,60,78,47
2026-04-30,ENT005,event_completeness,168,192,4313,3.99,105,93,24
2026-04-30,ENT006,event_completeness,113,129,2474,8.06,13,82,37
2026-04-30,ENT007,conversion_rate,77,89,1459,4.47,152,91,35
2026-04-30,ENT008,roas,257,190,1599,11.31,143,73,65
2026-04-30,ENT009,event_completeness,91,82,1579,10.32,141,69,51
2026-04-30,ENT010,inventory_risk,201,161,8137,4.43,173,88,35
2026-04-30,ENT011,gross_margin,261,217,8422,8,78,84,62
2026-04-30,ENT012,roas,110,129,3107,8.5,21,78,37
2026-04-30,ENT013,repeat_purchase,225,212,2158,3.84,226,89,26
2026-04-30,ENT014,conversion_rate,65,48,1090,11.23,156,67,68
2026-04-30,ENT015,gross_margin,81,66,144,8.59,95,80,53
2026-04-30,ENT016,repeat_purchase,78,64,3959,3.56,129,95,29
2026-04-30,ENT017,roas,185,154,1729,9,164,79,66
2026-04-30,ENT018,gross_margin,102,125,8125,3.18,71,97,31
2026-04-30,ENT019,inventory_risk,92,90,4426,4.38,190,89,36
2026-04-30,ENT020,conversion_rate,262,244,2863,13.15,137,68,75
2026-04-30,ENT021,inventory_risk,72,72,2238,4.14,17,94,25
2026-04-30,ENT022,event_completeness,224,186,4324,6.41,176,87,47
2026-04-30,ENT023,repeat_purchase,264,240,1824,12.4,159,64,78
2026-04-30,ENT024,conversion_rate,67,70,338,14.36,89,60,88
